[0.000000] (-) TimerEvent: {}
[0.000979] (robot_description) JobQueued: {'identifier': 'robot_description', 'dependencies': OrderedDict()}
[0.002229] (robot_interfaces) JobQueued: {'identifier': 'robot_interfaces', 'dependencies': OrderedDict()}
[0.002861] (robot_navigation) JobQueued: {'identifier': 'robot_navigation', 'dependencies': OrderedDict()}
[0.002937] (robot_vision) JobQueued: {'identifier': 'robot_vision', 'dependencies': OrderedDict()}
[0.003005] (robot_control) JobQueued: {'identifier': 'robot_control', 'dependencies': OrderedDict({'robot_interfaces': '/home/mandy/Delivery-Bot/install/robot_interfaces'})}
[0.003090] (robot_bringup) JobQueued: {'identifier': 'robot_bringup', 'dependencies': OrderedDict({'robot_description': '/home/mandy/Delivery-Bot/install/robot_description', 'robot_interfaces': '/home/mandy/Delivery-Bot/install/robot_interfaces', 'robot_navigation': '/home/mandy/Delivery-Bot/install/robot_navigation', 'robot_vision': '/home/mandy/Delivery-Bot/install/robot_vision', 'robot_control': '/home/mandy/Delivery-Bot/install/robot_control'})}
[0.003222] (robot_interfaces) JobStarted: {'identifier': 'robot_interfaces'}
[0.049436] (robot_description) JobStarted: {'identifier': 'robot_description'}
[0.085103] (robot_navigation) JobStarted: {'identifier': 'robot_navigation'}
[0.099029] (-) TimerEvent: {}
[0.124492] (robot_vision) JobStarted: {'identifier': 'robot_vision'}
[0.166592] (robot_interfaces) JobProgress: {'identifier': 'robot_interfaces', 'progress': 'cmake'}
[0.170770] (robot_interfaces) Command: {'cmd': ['/usr/bin/cmake', '/home/mandy/Delivery-Bot/src/robot_interfaces', '-DAMENT_CMAKE_SYMLINK_INSTALL=1', '-DCMAKE_INSTALL_PREFIX=/home/mandy/Delivery-Bot/install/robot_interfaces'], 'cwd': '/home/mandy/Delivery-Bot/build/robot_interfaces', 'env': OrderedDict({'LESSOPEN': '| /usr/bin/lesspipe %s', 'USER': 'mandy', 'GZ_CONFIG_PATH': '/opt/ros/jazzy/opt/gz_sim_vendor/share/gz:/opt/ros/jazzy/opt/sdformat_vendor/share/gz:/opt/ros/jazzy/opt/gz_gui_vendor/share/gz:/opt/ros/jazzy/opt/gz_transport_vendor/share/gz:/opt/ros/jazzy/opt/gz_rendering_vendor/share/gz:/opt/ros/jazzy/opt/gz_plugin_vendor/share/gz:/opt/ros/jazzy/opt/gz_fuel_tools_vendor/share/gz:/opt/ros/jazzy/opt/gz_msgs_vendor/share/gz:/opt/ros/jazzy/opt/gz_common_vendor/share/gz', 'XDG_SESSION_TYPE': 'wayland', 'CLUTTER_DISABLE_MIPMAPPED_TEXT': '1', 'SHLVL': '1', 'LD_LIBRARY_PATH': '/home/mandy/Delivery-Bot/install/robot_interfaces/lib:/opt/ros/jazzy/opt/gz_sim_vendor/lib:/opt/ros/jazzy/opt/gz_sensors_vendor/lib:/opt/ros/jazzy/opt/gz_physics_vendor/lib:/opt/ros/jazzy/opt/sdformat_vendor/lib:/opt/ros/jazzy/opt/rviz_ogre_vendor/lib:/opt/ros/jazzy/lib/aarch64-linux-gnu:/opt/ros/jazzy/opt/gz_gui_vendor/lib:/opt/ros/jazzy/opt/gz_transport_vendor/lib:/opt/ros/jazzy/opt/gz_rendering_vendor/lib:/opt/ros/jazzy/opt/gz_plugin_vendor/lib:/opt/ros/jazzy/opt/gz_fuel_tools_vendor/lib:/opt/ros/jazzy/opt/gz_msgs_vendor/lib:/opt/ros/jazzy/opt/gz_common_vendor/lib:/opt/ros/jazzy/opt/gz_math_vendor/lib:/opt/ros/jazzy/opt/gz_utils_vendor/lib:/opt/ros/jazzy/opt/gz_tools_vendor/lib:/opt/ros/jazzy/opt/gz_ogre_next_vendor/lib:/opt/ros/jazzy/opt/gz_dartsim_vendor/lib:/opt/ros/jazzy/opt/gz_cmake_vendor/lib:/opt/ros/jazzy/lib', 'HOME': '/home/mandy', 'OLDPWD': '/home/mandy', 'DESKTOP_SESSION': 'ubuntu', 'ROS_PYTHON_VERSION': '3', 'GNOME_SHELL_SESSION_MODE': 'ubuntu', 'GTK_MODULES': 'gail:atk-bridge', 'SYSTEMD_EXEC_PID': '2289', 'GSM_SKIP_SSH_AGENT_WORKAROUND': 'true', 'DBUS_SESSION_BUS_ADDRESS': 'unix:path=/run/user/1000/bus', 'COLORTERM': 'truecolor', 'DEBUGINFOD_URLS': 'https://debuginfod.ubuntu.com', 'IM_CONFIG_PHASE': '1', 'WAYLAND_DISPLAY': 'wayland-0', 'COLCON_PREFIX_PATH': '/home/mandy/Delivery-Bot/install', 'ROS_DISTRO': 'jazzy', 'LOGNAME': 'mandy', '_': '/usr/bin/colcon', 'ROS_VERSION': '2', 'MEMORY_PRESSURE_WATCH': '/sys/fs/cgroup/user.slice/user-1000.slice/user@1000.service/session.slice/org.gnome.Shell@wayland.service/memory.pressure', 'XDG_SESSION_CLASS': 'user', 'USERNAME': 'mandy', 'TERM': 'xterm-256color', 'GNOME_DESKTOP_SESSION_ID': 'this-is-deprecated', 'PATH': '/opt/ros/jazzy/opt/gz_msgs_vendor/bin:/opt/ros/jazzy/opt/gz_tools_vendor/bin:/opt/ros/jazzy/opt/gz_ogre_next_vendor/bin:/opt/ros/jazzy/bin:/usr/local/sbin:/usr/local/bin:/usr/sbin:/usr/bin:/sbin:/bin:/usr/games:/usr/local/games:/snap/bin:/snap/bin', 'SESSION_MANAGER': 'local/mandy-desktop:@/tmp/.ICE-unix/2260,unix/mandy-desktop:/tmp/.ICE-unix/2260', 'XDG_MENU_PREFIX': 'gnome-', 'GNOME_TERMINAL_SCREEN': '/org/gnome/Terminal/screen/64b34eac_2ff3_4b2e_aef2_cdd13df9d21d', 'GNOME_SETUP_DISPLAY': ':1', 'XDG_RUNTIME_DIR': '/run/user/1000', 'DISPLAY': ':0', 'LANG': 'en_US.UTF-8', 'XDG_CURRENT_DESKTOP': 'ubuntu:GNOME', 'XMODIFIERS': '@im=ibus', 'XDG_SESSION_DESKTOP': 'ubuntu', 'XAUTHORITY': '/run/user/1000/.mutter-Xwaylandauth.XUOVS3', 'LS_COLORS': 'rs=0:di=01;34:ln=01;36:mh=00:pi=40;33:so=01;35:do=01;35:bd=40;33;01:cd=40;33;01:or=40;31;01:mi=00:su=37;41:sg=30;43:ca=00:tw=30;42:ow=34;42:st=37;44:ex=01;32:*.tar=01;31:*.tgz=01;31:*.arc=01;31:*.arj=01;31:*.taz=01;31:*.lha=01;31:*.lz4=01;31:*.lzh=01;31:*.lzma=01;31:*.tlz=01;31:*.txz=01;31:*.tzo=01;31:*.t7z=01;31:*.zip=01;31:*.z=01;31:*.dz=01;31:*.gz=01;31:*.lrz=01;31:*.lz=01;31:*.lzo=01;31:*.xz=01;31:*.zst=01;31:*.tzst=01;31:*.bz2=01;31:*.bz=01;31:*.tbz=01;31:*.tbz2=01;31:*.tz=01;31:*.deb=01;31:*.rpm=01;31:*.jar=01;31:*.war=01;31:*.ear=01;31:*.sar=01;31:*.rar=01;31:*.alz=01;31:*.ace=01;31:*.zoo=01;31:*.cpio=01;31:*.7z=01;31:*.rz=01;31:*.cab=01;31:*.wim=01;31:*.swm=01;31:*.dwm=01;31:*.esd=01;31:*.avif=01;35:*.jpg=01;35:*.jpeg=01;35:*.mjpg=01;35:*.mjpeg=01;35:*.gif=01;35:*.bmp=01;35:*.pbm=01;35:*.pgm=01;35:*.ppm=01;35:*.tga=01;35:*.xbm=01;35:*.xpm=01;35:*.tif=01;35:*.tiff=01;35:*.png=01;35:*.svg=01;35:*.svgz=01;35:*.mng=01;35:*.pcx=01;35:*.mov=01;35:*.mpg=01;35:*.mpeg=01;35:*.m2v=01;35:*.mkv=01;35:*.webm=01;35:*.webp=01;35:*.ogm=01;35:*.mp4=01;35:*.m4v=01;35:*.mp4v=01;35:*.vob=01;35:*.qt=01;35:*.nuv=01;35:*.wmv=01;35:*.asf=01;35:*.rm=01;35:*.rmvb=01;35:*.flc=01;35:*.avi=01;35:*.fli=01;35:*.flv=01;35:*.gl=01;35:*.dl=01;35:*.xcf=01;35:*.xwd=01;35:*.yuv=01;35:*.cgm=01;35:*.emf=01;35:*.ogv=01;35:*.ogx=01;35:*.aac=00;36:*.au=00;36:*.flac=00;36:*.m4a=00;36:*.mid=00;36:*.midi=00;36:*.mka=00;36:*.mp3=00;36:*.mpc=00;36:*.ogg=00;36:*.ra=00;36:*.wav=00;36:*.oga=00;36:*.opus=00;36:*.spx=00;36:*.xspf=00;36:*~=00;90:*#=00;90:*.bak=00;90:*.crdownload=00;90:*.dpkg-dist=00;90:*.dpkg-new=00;90:*.dpkg-old=00;90:*.dpkg-tmp=00;90:*.old=00;90:*.orig=00;90:*.part=00;90:*.rej=00;90:*.rpmnew=00;90:*.rpmorig=00;90:*.rpmsave=00;90:*.swp=00;90:*.tmp=00;90:*.ucf-dist=00;90:*.ucf-new=00;90:*.ucf-old=00;90:', 'GNOME_TERMINAL_SERVICE': ':1.102', 'SSH_AUTH_SOCK': '/run/user/1000/keyring/ssh', 'AMENT_PREFIX_PATH': '/home/mandy/Delivery-Bot/install/robot_bringup:/home/mandy/Delivery-Bot/install/robot_vision:/home/mandy/Delivery-Bot/install/robot_navigation:/home/mandy/Delivery-Bot/install/robot_control:/home/mandy/Delivery-Bot/install/robot_interfaces:/home/mandy/Delivery-Bot/install/robot_description:/opt/ros/jazzy', 'SHELL': '/bin/bash', 'QT_ACCESSIBILITY': '1', 'GDMSESSION': 'ubuntu', 'LESSCLOSE': '/usr/bin/lesspipe %s %s', 'ROS_AUTOMATIC_DISCOVERY_RANGE': 'SUBNET', 'QT_IM_MODULE': 'ibus', 'PWD': '/home/mandy/Delivery-Bot/build/robot_interfaces', 'LC_ALL': 'en_US.UTF-8', 'XDG_CONFIG_DIRS': '/etc/xdg/xdg-ubuntu:/etc/xdg', 'XDG_DATA_DIRS': '/usr/share/ubuntu:/usr/share/gnome:/usr/local/share/:/usr/share/:/var/lib/snapd/desktop', 'PYTHONPATH': '/home/mandy/Delivery-Bot/build/robot_bringup:/home/mandy/Delivery-Bot/install/robot_bringup/lib/python3.12/site-packages:/home/mandy/Delivery-Bot/build/robot_vision:/home/mandy/Delivery-Bot/install/robot_vision/lib/python3.12/site-packages:/home/mandy/Delivery-Bot/build/robot_navigation:/home/mandy/Delivery-Bot/install/robot_navigation/lib/python3.12/site-packages:/home/mandy/Delivery-Bot/build/robot_control:/home/mandy/Delivery-Bot/install/robot_control/lib/python3.12/site-packages:/home/mandy/Delivery-Bot/install/robot_interfaces/lib/python3.12/site-packages:/home/mandy/Delivery-Bot/build/robot_description:/home/mandy/Delivery-Bot/install/robot_description/lib/python3.12/site-packages:/opt/ros/jazzy/lib/python3.12/site-packages', 'COLCON': '1', 'MEMORY_PRESSURE_WRITE': 'c29tZSAyMDAwMDAgMjAwMDAwMAA=', 'VTE_VERSION': '7600', 'CMAKE_PREFIX_PATH': '/home/mandy/Delivery-Bot/install/robot_interfaces:/opt/ros/jazzy/opt/gz_sim_vendor:/opt/ros/jazzy/opt/gz_sensors_vendor:/opt/ros/jazzy/opt/gz_physics_vendor:/opt/ros/jazzy/opt/sdformat_vendor:/opt/ros/jazzy/opt/gz_gui_vendor:/opt/ros/jazzy/opt/gz_transport_vendor:/opt/ros/jazzy/opt/gz_rendering_vendor:/opt/ros/jazzy/opt/gz_plugin_vendor:/opt/ros/jazzy/opt/gz_fuel_tools_vendor:/opt/ros/jazzy/opt/gz_msgs_vendor:/opt/ros/jazzy/opt/gz_common_vendor:/opt/ros/jazzy/opt/gz_math_vendor:/opt/ros/jazzy/opt/gz_utils_vendor:/opt/ros/jazzy/opt/gz_tools_vendor:/opt/ros/jazzy/opt/gz_ogre_next_vendor:/opt/ros/jazzy/opt/gz_dartsim_vendor:/opt/ros/jazzy/opt/gz_cmake_vendor:/home/mandy/Delivery-Bot/install/robot_bringup:/home/mandy/Delivery-Bot/install/robot_vision:/home/mandy/Delivery-Bot/install/robot_navigation:/home/mandy/Delivery-Bot/install/robot_control:/home/mandy/Delivery-Bot/install/robot_description:/opt/ros/jazzy'}), 'shell': False}
[0.199360] (-) TimerEvent: {}
[0.301430] (-) TimerEvent: {}
[0.402141] (-) TimerEvent: {}
[0.503050] (-) TimerEvent: {}
[0.603733] (-) TimerEvent: {}
[0.704437] (-) TimerEvent: {}
[0.805105] (-) TimerEvent: {}
[0.905764] (-) TimerEvent: {}
[1.006367] (-) TimerEvent: {}
[1.106964] (-) TimerEvent: {}
[1.207648] (-) TimerEvent: {}
[1.308516] (-) TimerEvent: {}
[1.409530] (-) TimerEvent: {}
[1.510158] (-) TimerEvent: {}
[1.610851] (-) TimerEvent: {}
[1.711560] (-) TimerEvent: {}
[1.812167] (-) TimerEvent: {}
[1.912828] (-) TimerEvent: {}
[2.013495] (-) TimerEvent: {}
[2.114308] (-) TimerEvent: {}
[2.215060] (-) TimerEvent: {}
[2.315777] (-) TimerEvent: {}
[2.416574] (-) TimerEvent: {}
[2.519366] (-) TimerEvent: {}
[2.557414] (robot_interfaces) StdoutLine: {'line': b'-- The C compiler identification is GNU 13.3.0\n'}
[2.563552] (robot_interfaces) StdoutLine: {'line': b'-- The CXX compiler identification is GNU 13.3.0\n'}
[2.564856] (robot_interfaces) StdoutLine: {'line': b'-- Detecting C compiler ABI info\n'}
[2.619573] (-) TimerEvent: {}
[2.720329] (-) TimerEvent: {}
[2.821030] (-) TimerEvent: {}
[2.921749] (-) TimerEvent: {}
[2.952408] (robot_interfaces) StdoutLine: {'line': b'-- Detecting C compiler ABI info - done\n'}
[2.989649] (robot_interfaces) StdoutLine: {'line': b'-- Check for working C compiler: /usr/bin/cc - skipped\n'}
[2.991732] (robot_interfaces) StdoutLine: {'line': b'-- Detecting C compile features\n'}
[2.994187] (robot_interfaces) StdoutLine: {'line': b'-- Detecting C compile features - done\n'}
[3.021915] (-) TimerEvent: {}
[3.054159] (robot_interfaces) StdoutLine: {'line': b'-- Detecting CXX compiler ABI info\n'}
[3.122141] (-) TimerEvent: {}
[3.222912] (-) TimerEvent: {}
[3.324636] (-) TimerEvent: {}
[3.425287] (-) TimerEvent: {}
[3.525985] (-) TimerEvent: {}
[3.629056] (-) TimerEvent: {}
[3.721340] (robot_interfaces) StdoutLine: {'line': b'-- Detecting CXX compiler ABI info - done\n'}
[3.729385] (-) TimerEvent: {}
[3.777366] (robot_interfaces) StdoutLine: {'line': b'-- Check for working CXX compiler: /usr/bin/c++ - skipped\n'}
[3.778594] (robot_interfaces) StdoutLine: {'line': b'-- Detecting CXX compile features\n'}
[3.782916] (robot_interfaces) StdoutLine: {'line': b'-- Detecting CXX compile features - done\n'}
[3.829449] (-) TimerEvent: {}
[3.932387] (-) TimerEvent: {}
[3.958158] (robot_interfaces) StdoutLine: {'line': b'-- Found ament_cmake: 2.5.6 (/opt/ros/jazzy/share/ament_cmake/cmake)\n'}
[4.032584] (-) TimerEvent: {}
[4.135686] (-) TimerEvent: {}
[4.239404] (-) TimerEvent: {}
[4.340146] (-) TimerEvent: {}
[4.441158] (-) TimerEvent: {}
[4.542018] (-) TimerEvent: {}
[4.644453] (-) TimerEvent: {}
[4.745319] (-) TimerEvent: {}
[4.848396] (-) TimerEvent: {}
[4.949122] (-) TimerEvent: {}
[5.050086] (-) TimerEvent: {}
[5.153434] (-) TimerEvent: {}
[5.254308] (-) TimerEvent: {}
[5.284193] (robot_interfaces) StdoutLine: {'line': b'-- Found Python3: /usr/bin/python3 (found version "3.12.3") found components: Interpreter \n'}
[5.362418] (-) TimerEvent: {}
[5.471671] (-) TimerEvent: {}
[5.572536] (-) TimerEvent: {}
[5.676011] (-) TimerEvent: {}
[5.780399] (-) TimerEvent: {}
[5.881242] (-) TimerEvent: {}
[5.926550] (robot_interfaces) StdoutLine: {'line': b'-- Override CMake install command with custom implementation using symlinks instead of copying resources\n'}
[5.981427] (-) TimerEvent: {}
[6.085799] (-) TimerEvent: {}
[6.186759] (-) TimerEvent: {}
[6.287609] (-) TimerEvent: {}
[6.388406] (-) TimerEvent: {}
[6.489690] (-) TimerEvent: {}
[6.591857] (-) TimerEvent: {}
[6.695765] (-) TimerEvent: {}
[6.796587] (-) TimerEvent: {}
[6.897544] (-) TimerEvent: {}
[6.960124] (robot_interfaces) StdoutLine: {'line': b'-- Found rosidl_default_generators: 1.6.1 (/opt/ros/jazzy/share/rosidl_default_generators/cmake)\n'}
[7.000445] (-) TimerEvent: {}
[7.101289] (-) TimerEvent: {}
[7.125488] (robot_interfaces) StdoutLine: {'line': b'-- Using all available rosidl_typesupport_c: rosidl_typesupport_fastrtps_c;rosidl_typesupport_introspection_c\n'}
[7.201414] (-) TimerEvent: {}
[7.304687] (-) TimerEvent: {}
[7.405539] (-) TimerEvent: {}
[7.506429] (-) TimerEvent: {}
[7.609672] (-) TimerEvent: {}
[7.710495] (-) TimerEvent: {}
[7.811298] (-) TimerEvent: {}
[7.912928] (-) TimerEvent: {}
[8.017875] (-) TimerEvent: {}
[8.119451] (-) TimerEvent: {}
[8.206834] (robot_interfaces) StdoutLine: {'line': b'-- Using all available rosidl_typesupport_cpp: rosidl_typesupport_fastrtps_cpp;rosidl_typesupport_introspection_cpp\n'}
[8.219734] (-) TimerEvent: {}
[8.323053] (-) TimerEvent: {}
[8.428216] (-) TimerEvent: {}
[8.529498] (-) TimerEvent: {}
[8.630361] (-) TimerEvent: {}
[8.735403] (-) TimerEvent: {}
[8.836197] (-) TimerEvent: {}
[8.937040] (-) TimerEvent: {}
[9.041832] (-) TimerEvent: {}
[9.148739] (-) TimerEvent: {}
[9.249484] (-) TimerEvent: {}
[9.300502] (robot_interfaces) StdoutLine: {'line': b'-- Found rosidl_adapter: 4.6.9 (/opt/ros/jazzy/share/rosidl_adapter/cmake)\n'}
[9.351408] (-) TimerEvent: {}
[9.452157] (-) TimerEvent: {}
[9.555613] (-) TimerEvent: {}
[9.656399] (-) TimerEvent: {}
[9.761605] (-) TimerEvent: {}
[9.862385] (-) TimerEvent: {}
[9.965391] (-) TimerEvent: {}
[10.066080] (-) TimerEvent: {}
[10.169399] (-) TimerEvent: {}
[10.270227] (-) TimerEvent: {}
[10.371421] (-) TimerEvent: {}
[10.474504] (-) TimerEvent: {}
[10.575326] (-) TimerEvent: {}
[10.676369] (-) TimerEvent: {}
[10.788595] (-) TimerEvent: {}
[10.882404] (robot_vision) Command: {'cmd': ['/usr/bin/python3', '-W', 'ignore:setup.py install is deprecated', '-W', 'ignore:easy_install command is deprecated', 'setup.py', 'develop', '--editable', '--build-directory', '/home/mandy/Delivery-Bot/build/robot_vision/build', '--no-deps', 'symlink_data'], 'cwd': '/home/mandy/Delivery-Bot/build/robot_vision', 'env': {'LESSOPEN': '| /usr/bin/lesspipe %s', 'USER': 'mandy', 'GZ_CONFIG_PATH': '/opt/ros/jazzy/opt/gz_sim_vendor/share/gz:/opt/ros/jazzy/opt/sdformat_vendor/share/gz:/opt/ros/jazzy/opt/gz_gui_vendor/share/gz:/opt/ros/jazzy/opt/gz_transport_vendor/share/gz:/opt/ros/jazzy/opt/gz_rendering_vendor/share/gz:/opt/ros/jazzy/opt/gz_plugin_vendor/share/gz:/opt/ros/jazzy/opt/gz_fuel_tools_vendor/share/gz:/opt/ros/jazzy/opt/gz_msgs_vendor/share/gz:/opt/ros/jazzy/opt/gz_common_vendor/share/gz', 'XDG_SESSION_TYPE': 'wayland', 'CLUTTER_DISABLE_MIPMAPPED_TEXT': '1', 'SHLVL': '1', 'LD_LIBRARY_PATH': '/home/mandy/Delivery-Bot/install/robot_interfaces/lib:/opt/ros/jazzy/opt/gz_sim_vendor/lib:/opt/ros/jazzy/opt/gz_sensors_vendor/lib:/opt/ros/jazzy/opt/gz_physics_vendor/lib:/opt/ros/jazzy/opt/sdformat_vendor/lib:/opt/ros/jazzy/opt/rviz_ogre_vendor/lib:/opt/ros/jazzy/lib/aarch64-linux-gnu:/opt/ros/jazzy/opt/gz_gui_vendor/lib:/opt/ros/jazzy/opt/gz_transport_vendor/lib:/opt/ros/jazzy/opt/gz_rendering_vendor/lib:/opt/ros/jazzy/opt/gz_plugin_vendor/lib:/opt/ros/jazzy/opt/gz_fuel_tools_vendor/lib:/opt/ros/jazzy/opt/gz_msgs_vendor/lib:/opt/ros/jazzy/opt/gz_common_vendor/lib:/opt/ros/jazzy/opt/gz_math_vendor/lib:/opt/ros/jazzy/opt/gz_utils_vendor/lib:/opt/ros/jazzy/opt/gz_tools_vendor/lib:/opt/ros/jazzy/opt/gz_ogre_next_vendor/lib:/opt/ros/jazzy/opt/gz_dartsim_vendor/lib:/opt/ros/jazzy/opt/gz_cmake_vendor/lib:/opt/ros/jazzy/lib', 'HOME': '/home/mandy', 'OLDPWD': '/home/mandy', 'DESKTOP_SESSION': 'ubuntu', 'ROS_PYTHON_VERSION': '3', 'GNOME_SHELL_SESSION_MODE': 'ubuntu', 'GTK_MODULES': 'gail:atk-bridge', 'SYSTEMD_EXEC_PID': '2289', 'GSM_SKIP_SSH_AGENT_WORKAROUND': 'true', 'DBUS_SESSION_BUS_ADDRESS': 'unix:path=/run/user/1000/bus', 'COLORTERM': 'truecolor', 'DEBUGINFOD_URLS': 'https://debuginfod.ubuntu.com', 'IM_CONFIG_PHASE': '1', 'WAYLAND_DISPLAY': 'wayland-0', 'COLCON_PREFIX_PATH': '/home/mandy/Delivery-Bot/install', 'ROS_DISTRO': 'jazzy', 'LOGNAME': 'mandy', '_': '/usr/bin/colcon', 'ROS_VERSION': '2', 'MEMORY_PRESSURE_WATCH': '/sys/fs/cgroup/user.slice/user-1000.slice/user@1000.service/session.slice/org.gnome.Shell@wayland.service/memory.pressure', 'XDG_SESSION_CLASS': 'user', 'USERNAME': 'mandy', 'TERM': 'xterm-256color', 'GNOME_DESKTOP_SESSION_ID': 'this-is-deprecated', 'PATH': '/opt/ros/jazzy/opt/gz_msgs_vendor/bin:/opt/ros/jazzy/opt/gz_tools_vendor/bin:/opt/ros/jazzy/opt/gz_ogre_next_vendor/bin:/opt/ros/jazzy/bin:/usr/local/sbin:/usr/local/bin:/usr/sbin:/usr/bin:/sbin:/bin:/usr/games:/usr/local/games:/snap/bin:/snap/bin', 'SESSION_MANAGER': 'local/mandy-desktop:@/tmp/.ICE-unix/2260,unix/mandy-desktop:/tmp/.ICE-unix/2260', 'XDG_MENU_PREFIX': 'gnome-', 'GNOME_TERMINAL_SCREEN': '/org/gnome/Terminal/screen/64b34eac_2ff3_4b2e_aef2_cdd13df9d21d', 'GNOME_SETUP_DISPLAY': ':1', 'XDG_RUNTIME_DIR': '/run/user/1000', 'DISPLAY': ':0', 'LANG': 'en_US.UTF-8', 'XDG_CURRENT_DESKTOP': 'ubuntu:GNOME', 'XMODIFIERS': '@im=ibus', 'XDG_SESSION_DESKTOP': 'ubuntu', 'XAUTHORITY': '/run/user/1000/.mutter-Xwaylandauth.XUOVS3', 'LS_COLORS': 'rs=0:di=01;34:ln=01;36:mh=00:pi=40;33:so=01;35:do=01;35:bd=40;33;01:cd=40;33;01:or=40;31;01:mi=00:su=37;41:sg=30;43:ca=00:tw=30;42:ow=34;42:st=37;44:ex=01;32:*.tar=01;31:*.tgz=01;31:*.arc=01;31:*.arj=01;31:*.taz=01;31:*.lha=01;31:*.lz4=01;31:*.lzh=01;31:*.lzma=01;31:*.tlz=01;31:*.txz=01;31:*.tzo=01;31:*.t7z=01;31:*.zip=01;31:*.z=01;31:*.dz=01;31:*.gz=01;31:*.lrz=01;31:*.lz=01;31:*.lzo=01;31:*.xz=01;31:*.zst=01;31:*.tzst=01;31:*.bz2=01;31:*.bz=01;31:*.tbz=01;31:*.tbz2=01;31:*.tz=01;31:*.deb=01;31:*.rpm=01;31:*.jar=01;31:*.war=01;31:*.ear=01;31:*.sar=01;31:*.rar=01;31:*.alz=01;31:*.ace=01;31:*.zoo=01;31:*.cpio=01;31:*.7z=01;31:*.rz=01;31:*.cab=01;31:*.wim=01;31:*.swm=01;31:*.dwm=01;31:*.esd=01;31:*.avif=01;35:*.jpg=01;35:*.jpeg=01;35:*.mjpg=01;35:*.mjpeg=01;35:*.gif=01;35:*.bmp=01;35:*.pbm=01;35:*.pgm=01;35:*.ppm=01;35:*.tga=01;35:*.xbm=01;35:*.xpm=01;35:*.tif=01;35:*.tiff=01;35:*.png=01;35:*.svg=01;35:*.svgz=01;35:*.mng=01;35:*.pcx=01;35:*.mov=01;35:*.mpg=01;35:*.mpeg=01;35:*.m2v=01;35:*.mkv=01;35:*.webm=01;35:*.webp=01;35:*.ogm=01;35:*.mp4=01;35:*.m4v=01;35:*.mp4v=01;35:*.vob=01;35:*.qt=01;35:*.nuv=01;35:*.wmv=01;35:*.asf=01;35:*.rm=01;35:*.rmvb=01;35:*.flc=01;35:*.avi=01;35:*.fli=01;35:*.flv=01;35:*.gl=01;35:*.dl=01;35:*.xcf=01;35:*.xwd=01;35:*.yuv=01;35:*.cgm=01;35:*.emf=01;35:*.ogv=01;35:*.ogx=01;35:*.aac=00;36:*.au=00;36:*.flac=00;36:*.m4a=00;36:*.mid=00;36:*.midi=00;36:*.mka=00;36:*.mp3=00;36:*.mpc=00;36:*.ogg=00;36:*.ra=00;36:*.wav=00;36:*.oga=00;36:*.opus=00;36:*.spx=00;36:*.xspf=00;36:*~=00;90:*#=00;90:*.bak=00;90:*.crdownload=00;90:*.dpkg-dist=00;90:*.dpkg-new=00;90:*.dpkg-old=00;90:*.dpkg-tmp=00;90:*.old=00;90:*.orig=00;90:*.part=00;90:*.rej=00;90:*.rpmnew=00;90:*.rpmorig=00;90:*.rpmsave=00;90:*.swp=00;90:*.tmp=00;90:*.ucf-dist=00;90:*.ucf-new=00;90:*.ucf-old=00;90:', 'GNOME_TERMINAL_SERVICE': ':1.102', 'SSH_AUTH_SOCK': '/run/user/1000/keyring/ssh', 'AMENT_PREFIX_PATH': '/home/mandy/Delivery-Bot/install/robot_bringup:/home/mandy/Delivery-Bot/install/robot_vision:/home/mandy/Delivery-Bot/install/robot_navigation:/home/mandy/Delivery-Bot/install/robot_control:/home/mandy/Delivery-Bot/install/robot_interfaces:/home/mandy/Delivery-Bot/install/robot_description:/opt/ros/jazzy', 'SHELL': '/bin/bash', 'QT_ACCESSIBILITY': '1', 'GDMSESSION': 'ubuntu', 'LESSCLOSE': '/usr/bin/lesspipe %s %s', 'ROS_AUTOMATIC_DISCOVERY_RANGE': 'SUBNET', 'QT_IM_MODULE': 'ibus', 'PWD': '/home/mandy/Delivery-Bot/build/robot_vision', 'LC_ALL': 'en_US.UTF-8', 'XDG_CONFIG_DIRS': '/etc/xdg/xdg-ubuntu:/etc/xdg', 'XDG_DATA_DIRS': '/usr/share/ubuntu:/usr/share/gnome:/usr/local/share/:/usr/share/:/var/lib/snapd/desktop', 'PYTHONPATH': '/home/mandy/Delivery-Bot/build/robot_vision/prefix_override:/usr/lib/python3/dist-packages/colcon_core/task/python/colcon_distutils_commands:/home/mandy/Delivery-Bot/install/robot_vision/lib/python3.12/site-packages:/home/mandy/Delivery-Bot/build/robot_bringup:/home/mandy/Delivery-Bot/install/robot_bringup/lib/python3.12/site-packages:/home/mandy/Delivery-Bot/build/robot_vision:/home/mandy/Delivery-Bot/install/robot_vision/lib/python3.12/site-packages:/home/mandy/Delivery-Bot/build/robot_navigation:/home/mandy/Delivery-Bot/install/robot_navigation/lib/python3.12/site-packages:/home/mandy/Delivery-Bot/build/robot_control:/home/mandy/Delivery-Bot/install/robot_control/lib/python3.12/site-packages:/home/mandy/Delivery-Bot/install/robot_interfaces/lib/python3.12/site-packages:/home/mandy/Delivery-Bot/build/robot_description:/home/mandy/Delivery-Bot/install/robot_description/lib/python3.12/site-packages:/opt/ros/jazzy/lib/python3.12/site-packages', 'COLCON': '1', 'MEMORY_PRESSURE_WRITE': 'c29tZSAyMDAwMDAgMjAwMDAwMAA=', 'VTE_VERSION': '7600', 'CMAKE_PREFIX_PATH': '/home/mandy/Delivery-Bot/install/robot_interfaces:/opt/ros/jazzy/opt/gz_sim_vendor:/opt/ros/jazzy/opt/gz_sensors_vendor:/opt/ros/jazzy/opt/gz_physics_vendor:/opt/ros/jazzy/opt/sdformat_vendor:/opt/ros/jazzy/opt/gz_gui_vendor:/opt/ros/jazzy/opt/gz_transport_vendor:/opt/ros/jazzy/opt/gz_rendering_vendor:/opt/ros/jazzy/opt/gz_plugin_vendor:/opt/ros/jazzy/opt/gz_fuel_tools_vendor:/opt/ros/jazzy/opt/gz_msgs_vendor:/opt/ros/jazzy/opt/gz_common_vendor:/opt/ros/jazzy/opt/gz_math_vendor:/opt/ros/jazzy/opt/gz_utils_vendor:/opt/ros/jazzy/opt/gz_tools_vendor:/opt/ros/jazzy/opt/gz_ogre_next_vendor:/opt/ros/jazzy/opt/gz_dartsim_vendor:/opt/ros/jazzy/opt/gz_cmake_vendor'}, 'shell': False}
[10.891101] (-) TimerEvent: {}
[10.992031] (-) TimerEvent: {}
[11.094764] (-) TimerEvent: {}
[11.198869] (-) TimerEvent: {}
[11.303762] (-) TimerEvent: {}
[11.404723] (-) TimerEvent: {}
[11.505918] (-) TimerEvent: {}
[11.609622] (-) TimerEvent: {}
[11.695735] (robot_description) Command: {'cmd': ['/usr/bin/python3', '-W', 'ignore:setup.py install is deprecated', '-W', 'ignore:easy_install command is deprecated', 'setup.py', 'develop', '--editable', '--build-directory', '/home/mandy/Delivery-Bot/build/robot_description/build', '--no-deps', 'symlink_data'], 'cwd': '/home/mandy/Delivery-Bot/build/robot_description', 'env': {'LESSOPEN': '| /usr/bin/lesspipe %s', 'USER': 'mandy', 'GZ_CONFIG_PATH': '/opt/ros/jazzy/opt/gz_sim_vendor/share/gz:/opt/ros/jazzy/opt/sdformat_vendor/share/gz:/opt/ros/jazzy/opt/gz_gui_vendor/share/gz:/opt/ros/jazzy/opt/gz_transport_vendor/share/gz:/opt/ros/jazzy/opt/gz_rendering_vendor/share/gz:/opt/ros/jazzy/opt/gz_plugin_vendor/share/gz:/opt/ros/jazzy/opt/gz_fuel_tools_vendor/share/gz:/opt/ros/jazzy/opt/gz_msgs_vendor/share/gz:/opt/ros/jazzy/opt/gz_common_vendor/share/gz', 'XDG_SESSION_TYPE': 'wayland', 'CLUTTER_DISABLE_MIPMAPPED_TEXT': '1', 'SHLVL': '1', 'LD_LIBRARY_PATH': '/home/mandy/Delivery-Bot/install/robot_interfaces/lib:/opt/ros/jazzy/opt/gz_sim_vendor/lib:/opt/ros/jazzy/opt/gz_sensors_vendor/lib:/opt/ros/jazzy/opt/gz_physics_vendor/lib:/opt/ros/jazzy/opt/sdformat_vendor/lib:/opt/ros/jazzy/opt/rviz_ogre_vendor/lib:/opt/ros/jazzy/lib/aarch64-linux-gnu:/opt/ros/jazzy/opt/gz_gui_vendor/lib:/opt/ros/jazzy/opt/gz_transport_vendor/lib:/opt/ros/jazzy/opt/gz_rendering_vendor/lib:/opt/ros/jazzy/opt/gz_plugin_vendor/lib:/opt/ros/jazzy/opt/gz_fuel_tools_vendor/lib:/opt/ros/jazzy/opt/gz_msgs_vendor/lib:/opt/ros/jazzy/opt/gz_common_vendor/lib:/opt/ros/jazzy/opt/gz_math_vendor/lib:/opt/ros/jazzy/opt/gz_utils_vendor/lib:/opt/ros/jazzy/opt/gz_tools_vendor/lib:/opt/ros/jazzy/opt/gz_ogre_next_vendor/lib:/opt/ros/jazzy/opt/gz_dartsim_vendor/lib:/opt/ros/jazzy/opt/gz_cmake_vendor/lib:/opt/ros/jazzy/lib', 'HOME': '/home/mandy', 'OLDPWD': '/home/mandy', 'DESKTOP_SESSION': 'ubuntu', 'ROS_PYTHON_VERSION': '3', 'GNOME_SHELL_SESSION_MODE': 'ubuntu', 'GTK_MODULES': 'gail:atk-bridge', 'SYSTEMD_EXEC_PID': '2289', 'GSM_SKIP_SSH_AGENT_WORKAROUND': 'true', 'DBUS_SESSION_BUS_ADDRESS': 'unix:path=/run/user/1000/bus', 'COLORTERM': 'truecolor', 'DEBUGINFOD_URLS': 'https://debuginfod.ubuntu.com', 'IM_CONFIG_PHASE': '1', 'WAYLAND_DISPLAY': 'wayland-0', 'COLCON_PREFIX_PATH': '/home/mandy/Delivery-Bot/install', 'ROS_DISTRO': 'jazzy', 'LOGNAME': 'mandy', '_': '/usr/bin/colcon', 'ROS_VERSION': '2', 'MEMORY_PRESSURE_WATCH': '/sys/fs/cgroup/user.slice/user-1000.slice/user@1000.service/session.slice/org.gnome.Shell@wayland.service/memory.pressure', 'XDG_SESSION_CLASS': 'user', 'USERNAME': 'mandy', 'TERM': 'xterm-256color', 'GNOME_DESKTOP_SESSION_ID': 'this-is-deprecated', 'PATH': '/opt/ros/jazzy/opt/gz_msgs_vendor/bin:/opt/ros/jazzy/opt/gz_tools_vendor/bin:/opt/ros/jazzy/opt/gz_ogre_next_vendor/bin:/opt/ros/jazzy/bin:/usr/local/sbin:/usr/local/bin:/usr/sbin:/usr/bin:/sbin:/bin:/usr/games:/usr/local/games:/snap/bin:/snap/bin', 'SESSION_MANAGER': 'local/mandy-desktop:@/tmp/.ICE-unix/2260,unix/mandy-desktop:/tmp/.ICE-unix/2260', 'XDG_MENU_PREFIX': 'gnome-', 'GNOME_TERMINAL_SCREEN': '/org/gnome/Terminal/screen/64b34eac_2ff3_4b2e_aef2_cdd13df9d21d', 'GNOME_SETUP_DISPLAY': ':1', 'XDG_RUNTIME_DIR': '/run/user/1000', 'DISPLAY': ':0', 'LANG': 'en_US.UTF-8', 'XDG_CURRENT_DESKTOP': 'ubuntu:GNOME', 'XMODIFIERS': '@im=ibus', 'XDG_SESSION_DESKTOP': 'ubuntu', 'XAUTHORITY': '/run/user/1000/.mutter-Xwaylandauth.XUOVS3', 'LS_COLORS': 'rs=0:di=01;34:ln=01;36:mh=00:pi=40;33:so=01;35:do=01;35:bd=40;33;01:cd=40;33;01:or=40;31;01:mi=00:su=37;41:sg=30;43:ca=00:tw=30;42:ow=34;42:st=37;44:ex=01;32:*.tar=01;31:*.tgz=01;31:*.arc=01;31:*.arj=01;31:*.taz=01;31:*.lha=01;31:*.lz4=01;31:*.lzh=01;31:*.lzma=01;31:*.tlz=01;31:*.txz=01;31:*.tzo=01;31:*.t7z=01;31:*.zip=01;31:*.z=01;31:*.dz=01;31:*.gz=01;31:*.lrz=01;31:*.lz=01;31:*.lzo=01;31:*.xz=01;31:*.zst=01;31:*.tzst=01;31:*.bz2=01;31:*.bz=01;31:*.tbz=01;31:*.tbz2=01;31:*.tz=01;31:*.deb=01;31:*.rpm=01;31:*.jar=01;31:*.war=01;31:*.ear=01;31:*.sar=01;31:*.rar=01;31:*.alz=01;31:*.ace=01;31:*.zoo=01;31:*.cpio=01;31:*.7z=01;31:*.rz=01;31:*.cab=01;31:*.wim=01;31:*.swm=01;31:*.dwm=01;31:*.esd=01;31:*.avif=01;35:*.jpg=01;35:*.jpeg=01;35:*.mjpg=01;35:*.mjpeg=01;35:*.gif=01;35:*.bmp=01;35:*.pbm=01;35:*.pgm=01;35:*.ppm=01;35:*.tga=01;35:*.xbm=01;35:*.xpm=01;35:*.tif=01;35:*.tiff=01;35:*.png=01;35:*.svg=01;35:*.svgz=01;35:*.mng=01;35:*.pcx=01;35:*.mov=01;35:*.mpg=01;35:*.mpeg=01;35:*.m2v=01;35:*.mkv=01;35:*.webm=01;35:*.webp=01;35:*.ogm=01;35:*.mp4=01;35:*.m4v=01;35:*.mp4v=01;35:*.vob=01;35:*.qt=01;35:*.nuv=01;35:*.wmv=01;35:*.asf=01;35:*.rm=01;35:*.rmvb=01;35:*.flc=01;35:*.avi=01;35:*.fli=01;35:*.flv=01;35:*.gl=01;35:*.dl=01;35:*.xcf=01;35:*.xwd=01;35:*.yuv=01;35:*.cgm=01;35:*.emf=01;35:*.ogv=01;35:*.ogx=01;35:*.aac=00;36:*.au=00;36:*.flac=00;36:*.m4a=00;36:*.mid=00;36:*.midi=00;36:*.mka=00;36:*.mp3=00;36:*.mpc=00;36:*.ogg=00;36:*.ra=00;36:*.wav=00;36:*.oga=00;36:*.opus=00;36:*.spx=00;36:*.xspf=00;36:*~=00;90:*#=00;90:*.bak=00;90:*.crdownload=00;90:*.dpkg-dist=00;90:*.dpkg-new=00;90:*.dpkg-old=00;90:*.dpkg-tmp=00;90:*.old=00;90:*.orig=00;90:*.part=00;90:*.rej=00;90:*.rpmnew=00;90:*.rpmorig=00;90:*.rpmsave=00;90:*.swp=00;90:*.tmp=00;90:*.ucf-dist=00;90:*.ucf-new=00;90:*.ucf-old=00;90:', 'GNOME_TERMINAL_SERVICE': ':1.102', 'SSH_AUTH_SOCK': '/run/user/1000/keyring/ssh', 'AMENT_PREFIX_PATH': '/home/mandy/Delivery-Bot/install/robot_bringup:/home/mandy/Delivery-Bot/install/robot_vision:/home/mandy/Delivery-Bot/install/robot_navigation:/home/mandy/Delivery-Bot/install/robot_control:/home/mandy/Delivery-Bot/install/robot_interfaces:/home/mandy/Delivery-Bot/install/robot_description:/opt/ros/jazzy', 'SHELL': '/bin/bash', 'QT_ACCESSIBILITY': '1', 'GDMSESSION': 'ubuntu', 'LESSCLOSE': '/usr/bin/lesspipe %s %s', 'ROS_AUTOMATIC_DISCOVERY_RANGE': 'SUBNET', 'QT_IM_MODULE': 'ibus', 'PWD': '/home/mandy/Delivery-Bot/build/robot_description', 'LC_ALL': 'en_US.UTF-8', 'XDG_CONFIG_DIRS': '/etc/xdg/xdg-ubuntu:/etc/xdg', 'XDG_DATA_DIRS': '/usr/share/ubuntu:/usr/share/gnome:/usr/local/share/:/usr/share/:/var/lib/snapd/desktop', 'PYTHONPATH': '/home/mandy/Delivery-Bot/build/robot_description/prefix_override:/usr/lib/python3/dist-packages/colcon_core/task/python/colcon_distutils_commands:/home/mandy/Delivery-Bot/install/robot_description/lib/python3.12/site-packages:/home/mandy/Delivery-Bot/build/robot_bringup:/home/mandy/Delivery-Bot/install/robot_bringup/lib/python3.12/site-packages:/home/mandy/Delivery-Bot/build/robot_vision:/home/mandy/Delivery-Bot/install/robot_vision/lib/python3.12/site-packages:/home/mandy/Delivery-Bot/build/robot_navigation:/home/mandy/Delivery-Bot/install/robot_navigation/lib/python3.12/site-packages:/home/mandy/Delivery-Bot/build/robot_control:/home/mandy/Delivery-Bot/install/robot_control/lib/python3.12/site-packages:/home/mandy/Delivery-Bot/install/robot_interfaces/lib/python3.12/site-packages:/home/mandy/Delivery-Bot/build/robot_description:/home/mandy/Delivery-Bot/install/robot_description/lib/python3.12/site-packages:/opt/ros/jazzy/lib/python3.12/site-packages', 'COLCON': '1', 'MEMORY_PRESSURE_WRITE': 'c29tZSAyMDAwMDAgMjAwMDAwMAA=', 'VTE_VERSION': '7600', 'CMAKE_PREFIX_PATH': '/home/mandy/Delivery-Bot/install/robot_interfaces:/opt/ros/jazzy/opt/gz_sim_vendor:/opt/ros/jazzy/opt/gz_sensors_vendor:/opt/ros/jazzy/opt/gz_physics_vendor:/opt/ros/jazzy/opt/sdformat_vendor:/opt/ros/jazzy/opt/gz_gui_vendor:/opt/ros/jazzy/opt/gz_transport_vendor:/opt/ros/jazzy/opt/gz_rendering_vendor:/opt/ros/jazzy/opt/gz_plugin_vendor:/opt/ros/jazzy/opt/gz_fuel_tools_vendor:/opt/ros/jazzy/opt/gz_msgs_vendor:/opt/ros/jazzy/opt/gz_common_vendor:/opt/ros/jazzy/opt/gz_math_vendor:/opt/ros/jazzy/opt/gz_utils_vendor:/opt/ros/jazzy/opt/gz_tools_vendor:/opt/ros/jazzy/opt/gz_ogre_next_vendor:/opt/ros/jazzy/opt/gz_dartsim_vendor:/opt/ros/jazzy/opt/gz_cmake_vendor'}, 'shell': False}
[11.710180] (-) TimerEvent: {}
[11.718515] (robot_navigation) Command: {'cmd': ['/usr/bin/python3', '-W', 'ignore:setup.py install is deprecated', '-W', 'ignore:easy_install command is deprecated', 'setup.py', 'develop', '--editable', '--build-directory', '/home/mandy/Delivery-Bot/build/robot_navigation/build', '--no-deps', 'symlink_data'], 'cwd': '/home/mandy/Delivery-Bot/build/robot_navigation', 'env': {'LESSOPEN': '| /usr/bin/lesspipe %s', 'USER': 'mandy', 'GZ_CONFIG_PATH': '/opt/ros/jazzy/opt/gz_sim_vendor/share/gz:/opt/ros/jazzy/opt/sdformat_vendor/share/gz:/opt/ros/jazzy/opt/gz_gui_vendor/share/gz:/opt/ros/jazzy/opt/gz_transport_vendor/share/gz:/opt/ros/jazzy/opt/gz_rendering_vendor/share/gz:/opt/ros/jazzy/opt/gz_plugin_vendor/share/gz:/opt/ros/jazzy/opt/gz_fuel_tools_vendor/share/gz:/opt/ros/jazzy/opt/gz_msgs_vendor/share/gz:/opt/ros/jazzy/opt/gz_common_vendor/share/gz', 'XDG_SESSION_TYPE': 'wayland', 'CLUTTER_DISABLE_MIPMAPPED_TEXT': '1', 'SHLVL': '1', 'LD_LIBRARY_PATH': '/home/mandy/Delivery-Bot/install/robot_interfaces/lib:/opt/ros/jazzy/opt/gz_sim_vendor/lib:/opt/ros/jazzy/opt/gz_sensors_vendor/lib:/opt/ros/jazzy/opt/gz_physics_vendor/lib:/opt/ros/jazzy/opt/sdformat_vendor/lib:/opt/ros/jazzy/opt/rviz_ogre_vendor/lib:/opt/ros/jazzy/lib/aarch64-linux-gnu:/opt/ros/jazzy/opt/gz_gui_vendor/lib:/opt/ros/jazzy/opt/gz_transport_vendor/lib:/opt/ros/jazzy/opt/gz_rendering_vendor/lib:/opt/ros/jazzy/opt/gz_plugin_vendor/lib:/opt/ros/jazzy/opt/gz_fuel_tools_vendor/lib:/opt/ros/jazzy/opt/gz_msgs_vendor/lib:/opt/ros/jazzy/opt/gz_common_vendor/lib:/opt/ros/jazzy/opt/gz_math_vendor/lib:/opt/ros/jazzy/opt/gz_utils_vendor/lib:/opt/ros/jazzy/opt/gz_tools_vendor/lib:/opt/ros/jazzy/opt/gz_ogre_next_vendor/lib:/opt/ros/jazzy/opt/gz_dartsim_vendor/lib:/opt/ros/jazzy/opt/gz_cmake_vendor/lib:/opt/ros/jazzy/lib', 'HOME': '/home/mandy', 'OLDPWD': '/home/mandy', 'DESKTOP_SESSION': 'ubuntu', 'ROS_PYTHON_VERSION': '3', 'GNOME_SHELL_SESSION_MODE': 'ubuntu', 'GTK_MODULES': 'gail:atk-bridge', 'SYSTEMD_EXEC_PID': '2289', 'GSM_SKIP_SSH_AGENT_WORKAROUND': 'true', 'DBUS_SESSION_BUS_ADDRESS': 'unix:path=/run/user/1000/bus', 'COLORTERM': 'truecolor', 'DEBUGINFOD_URLS': 'https://debuginfod.ubuntu.com', 'IM_CONFIG_PHASE': '1', 'WAYLAND_DISPLAY': 'wayland-0', 'COLCON_PREFIX_PATH': '/home/mandy/Delivery-Bot/install', 'ROS_DISTRO': 'jazzy', 'LOGNAME': 'mandy', '_': '/usr/bin/colcon', 'ROS_VERSION': '2', 'MEMORY_PRESSURE_WATCH': '/sys/fs/cgroup/user.slice/user-1000.slice/user@1000.service/session.slice/org.gnome.Shell@wayland.service/memory.pressure', 'XDG_SESSION_CLASS': 'user', 'USERNAME': 'mandy', 'TERM': 'xterm-256color', 'GNOME_DESKTOP_SESSION_ID': 'this-is-deprecated', 'PATH': '/opt/ros/jazzy/opt/gz_msgs_vendor/bin:/opt/ros/jazzy/opt/gz_tools_vendor/bin:/opt/ros/jazzy/opt/gz_ogre_next_vendor/bin:/opt/ros/jazzy/bin:/usr/local/sbin:/usr/local/bin:/usr/sbin:/usr/bin:/sbin:/bin:/usr/games:/usr/local/games:/snap/bin:/snap/bin', 'SESSION_MANAGER': 'local/mandy-desktop:@/tmp/.ICE-unix/2260,unix/mandy-desktop:/tmp/.ICE-unix/2260', 'XDG_MENU_PREFIX': 'gnome-', 'GNOME_TERMINAL_SCREEN': '/org/gnome/Terminal/screen/64b34eac_2ff3_4b2e_aef2_cdd13df9d21d', 'GNOME_SETUP_DISPLAY': ':1', 'XDG_RUNTIME_DIR': '/run/user/1000', 'DISPLAY': ':0', 'LANG': 'en_US.UTF-8', 'XDG_CURRENT_DESKTOP': 'ubuntu:GNOME', 'XMODIFIERS': '@im=ibus', 'XDG_SESSION_DESKTOP': 'ubuntu', 'XAUTHORITY': '/run/user/1000/.mutter-Xwaylandauth.XUOVS3', 'LS_COLORS': 'rs=0:di=01;34:ln=01;36:mh=00:pi=40;33:so=01;35:do=01;35:bd=40;33;01:cd=40;33;01:or=40;31;01:mi=00:su=37;41:sg=30;43:ca=00:tw=30;42:ow=34;42:st=37;44:ex=01;32:*.tar=01;31:*.tgz=01;31:*.arc=01;31:*.arj=01;31:*.taz=01;31:*.lha=01;31:*.lz4=01;31:*.lzh=01;31:*.lzma=01;31:*.tlz=01;31:*.txz=01;31:*.tzo=01;31:*.t7z=01;31:*.zip=01;31:*.z=01;31:*.dz=01;31:*.gz=01;31:*.lrz=01;31:*.lz=01;31:*.lzo=01;31:*.xz=01;31:*.zst=01;31:*.tzst=01;31:*.bz2=01;31:*.bz=01;31:*.tbz=01;31:*.tbz2=01;31:*.tz=01;31:*.deb=01;31:*.rpm=01;31:*.jar=01;31:*.war=01;31:*.ear=01;31:*.sar=01;31:*.rar=01;31:*.alz=01;31:*.ace=01;31:*.zoo=01;31:*.cpio=01;31:*.7z=01;31:*.rz=01;31:*.cab=01;31:*.wim=01;31:*.swm=01;31:*.dwm=01;31:*.esd=01;31:*.avif=01;35:*.jpg=01;35:*.jpeg=01;35:*.mjpg=01;35:*.mjpeg=01;35:*.gif=01;35:*.bmp=01;35:*.pbm=01;35:*.pgm=01;35:*.ppm=01;35:*.tga=01;35:*.xbm=01;35:*.xpm=01;35:*.tif=01;35:*.tiff=01;35:*.png=01;35:*.svg=01;35:*.svgz=01;35:*.mng=01;35:*.pcx=01;35:*.mov=01;35:*.mpg=01;35:*.mpeg=01;35:*.m2v=01;35:*.mkv=01;35:*.webm=01;35:*.webp=01;35:*.ogm=01;35:*.mp4=01;35:*.m4v=01;35:*.mp4v=01;35:*.vob=01;35:*.qt=01;35:*.nuv=01;35:*.wmv=01;35:*.asf=01;35:*.rm=01;35:*.rmvb=01;35:*.flc=01;35:*.avi=01;35:*.fli=01;35:*.flv=01;35:*.gl=01;35:*.dl=01;35:*.xcf=01;35:*.xwd=01;35:*.yuv=01;35:*.cgm=01;35:*.emf=01;35:*.ogv=01;35:*.ogx=01;35:*.aac=00;36:*.au=00;36:*.flac=00;36:*.m4a=00;36:*.mid=00;36:*.midi=00;36:*.mka=00;36:*.mp3=00;36:*.mpc=00;36:*.ogg=00;36:*.ra=00;36:*.wav=00;36:*.oga=00;36:*.opus=00;36:*.spx=00;36:*.xspf=00;36:*~=00;90:*#=00;90:*.bak=00;90:*.crdownload=00;90:*.dpkg-dist=00;90:*.dpkg-new=00;90:*.dpkg-old=00;90:*.dpkg-tmp=00;90:*.old=00;90:*.orig=00;90:*.part=00;90:*.rej=00;90:*.rpmnew=00;90:*.rpmorig=00;90:*.rpmsave=00;90:*.swp=00;90:*.tmp=00;90:*.ucf-dist=00;90:*.ucf-new=00;90:*.ucf-old=00;90:', 'GNOME_TERMINAL_SERVICE': ':1.102', 'SSH_AUTH_SOCK': '/run/user/1000/keyring/ssh', 'AMENT_PREFIX_PATH': '/home/mandy/Delivery-Bot/install/robot_bringup:/home/mandy/Delivery-Bot/install/robot_vision:/home/mandy/Delivery-Bot/install/robot_navigation:/home/mandy/Delivery-Bot/install/robot_control:/home/mandy/Delivery-Bot/install/robot_interfaces:/home/mandy/Delivery-Bot/install/robot_description:/opt/ros/jazzy', 'SHELL': '/bin/bash', 'QT_ACCESSIBILITY': '1', 'GDMSESSION': 'ubuntu', 'LESSCLOSE': '/usr/bin/lesspipe %s %s', 'ROS_AUTOMATIC_DISCOVERY_RANGE': 'SUBNET', 'QT_IM_MODULE': 'ibus', 'PWD': '/home/mandy/Delivery-Bot/build/robot_navigation', 'LC_ALL': 'en_US.UTF-8', 'XDG_CONFIG_DIRS': '/etc/xdg/xdg-ubuntu:/etc/xdg', 'XDG_DATA_DIRS': '/usr/share/ubuntu:/usr/share/gnome:/usr/local/share/:/usr/share/:/var/lib/snapd/desktop', 'PYTHONPATH': '/home/mandy/Delivery-Bot/build/robot_navigation/prefix_override:/usr/lib/python3/dist-packages/colcon_core/task/python/colcon_distutils_commands:/home/mandy/Delivery-Bot/install/robot_navigation/lib/python3.12/site-packages:/home/mandy/Delivery-Bot/build/robot_bringup:/home/mandy/Delivery-Bot/install/robot_bringup/lib/python3.12/site-packages:/home/mandy/Delivery-Bot/build/robot_vision:/home/mandy/Delivery-Bot/install/robot_vision/lib/python3.12/site-packages:/home/mandy/Delivery-Bot/build/robot_navigation:/home/mandy/Delivery-Bot/install/robot_navigation/lib/python3.12/site-packages:/home/mandy/Delivery-Bot/build/robot_control:/home/mandy/Delivery-Bot/install/robot_control/lib/python3.12/site-packages:/home/mandy/Delivery-Bot/install/robot_interfaces/lib/python3.12/site-packages:/home/mandy/Delivery-Bot/build/robot_description:/home/mandy/Delivery-Bot/install/robot_description/lib/python3.12/site-packages:/opt/ros/jazzy/lib/python3.12/site-packages', 'COLCON': '1', 'MEMORY_PRESSURE_WRITE': 'c29tZSAyMDAwMDAgMjAwMDAwMAA=', 'VTE_VERSION': '7600', 'CMAKE_PREFIX_PATH': '/home/mandy/Delivery-Bot/install/robot_interfaces:/opt/ros/jazzy/opt/gz_sim_vendor:/opt/ros/jazzy/opt/gz_sensors_vendor:/opt/ros/jazzy/opt/gz_physics_vendor:/opt/ros/jazzy/opt/sdformat_vendor:/opt/ros/jazzy/opt/gz_gui_vendor:/opt/ros/jazzy/opt/gz_transport_vendor:/opt/ros/jazzy/opt/gz_rendering_vendor:/opt/ros/jazzy/opt/gz_plugin_vendor:/opt/ros/jazzy/opt/gz_fuel_tools_vendor:/opt/ros/jazzy/opt/gz_msgs_vendor:/opt/ros/jazzy/opt/gz_common_vendor:/opt/ros/jazzy/opt/gz_math_vendor:/opt/ros/jazzy/opt/gz_utils_vendor:/opt/ros/jazzy/opt/gz_tools_vendor:/opt/ros/jazzy/opt/gz_ogre_next_vendor:/opt/ros/jazzy/opt/gz_dartsim_vendor:/opt/ros/jazzy/opt/gz_cmake_vendor'}, 'shell': False}
[11.813412] (-) TimerEvent: {}
[11.914341] (-) TimerEvent: {}
[12.015112] (-) TimerEvent: {}
[12.116083] (-) TimerEvent: {}
[12.218416] (-) TimerEvent: {}
[12.319233] (-) TimerEvent: {}
[12.422460] (-) TimerEvent: {}
[12.523316] (-) TimerEvent: {}
[12.624086] (-) TimerEvent: {}
[12.726421] (-) TimerEvent: {}
[12.827168] (-) TimerEvent: {}
[12.929727] (-) TimerEvent: {}
[13.033636] (-) TimerEvent: {}
[13.136553] (-) TimerEvent: {}
[13.238717] (-) TimerEvent: {}
[13.341413] (-) TimerEvent: {}
[13.442581] (-) TimerEvent: {}
[13.544410] (-) TimerEvent: {}
[13.647412] (-) TimerEvent: {}
[13.705441] (robot_vision) StdoutLine: {'line': b'running develop\n'}
[13.750431] (-) TimerEvent: {}
[13.790117] (robot_interfaces) StdoutLine: {'line': b'-- Found ament_cmake_ros: 0.12.1 (/opt/ros/jazzy/share/ament_cmake_ros/cmake)\n'}
[13.850619] (-) TimerEvent: {}
[13.953711] (-) TimerEvent: {}
[14.054495] (-) TimerEvent: {}
[14.155300] (-) TimerEvent: {}
[14.257446] (-) TimerEvent: {}
[14.358396] (-) TimerEvent: {}
[14.366589] (robot_description) StdoutLine: {'line': b'running develop\n'}
[14.445416] (robot_navigation) StdoutLine: {'line': b'running develop\n'}
[14.461302] (-) TimerEvent: {}
[14.563394] (-) TimerEvent: {}
[14.664128] (-) TimerEvent: {}
[14.766400] (-) TimerEvent: {}
[14.867128] (-) TimerEvent: {}
[14.968430] (-) TimerEvent: {}
[15.073417] (-) TimerEvent: {}
[15.176765] (-) TimerEvent: {}
[15.278045] (-) TimerEvent: {}
[15.378907] (-) TimerEvent: {}
[15.481739] (-) TimerEvent: {}
[15.502768] (robot_vision) StdoutLine: {'line': b'running egg_info\n'}
[15.506703] (robot_vision) StdoutLine: {'line': b'creating robot_vision.egg-info\n'}
[15.584400] (-) TimerEvent: {}
[15.668492] (robot_vision) StdoutLine: {'line': b'writing robot_vision.egg-info/PKG-INFO\n'}
[15.669357] (robot_vision) StdoutLine: {'line': b'writing dependency_links to robot_vision.egg-info/dependency_links.txt\n'}
[15.685460] (robot_vision) StdoutLine: {'line': b'writing entry points to robot_vision.egg-info/entry_points.txt\n'}
[15.686460] (-) TimerEvent: {}
[15.699457] (robot_vision) StdoutLine: {'line': b'writing requirements to robot_vision.egg-info/requires.txt\n'}
[15.700137] (robot_vision) StdoutLine: {'line': b'writing top-level names to robot_vision.egg-info/top_level.txt\n'}
[15.707092] (robot_vision) StdoutLine: {'line': b"writing manifest file 'robot_vision.egg-info/SOURCES.txt'\n"}
[15.786657] (-) TimerEvent: {}
[15.896434] (-) TimerEvent: {}
[16.002423] (-) TimerEvent: {}
[16.047042] (robot_vision) StdoutLine: {'line': b"reading manifest file 'robot_vision.egg-info/SOURCES.txt'\n"}
[16.051680] (robot_vision) StdoutLine: {'line': b"writing manifest file 'robot_vision.egg-info/SOURCES.txt'\n"}
[16.102742] (-) TimerEvent: {}
[16.206845] (-) TimerEvent: {}
[16.252520] (robot_vision) StdoutLine: {'line': b'running build_ext\n'}
[16.256972] (robot_vision) StdoutLine: {'line': b'Creating /home/mandy/Delivery-Bot/install/robot_vision/lib/python3.12/site-packages/robot-vision.egg-link (link to .)\n'}
[16.259365] (robot_vision) StdoutLine: {'line': b'Installing arducam_tof script to /home/mandy/Delivery-Bot/install/robot_vision/lib/robot_vision\n'}
[16.263965] (robot_vision) StdoutLine: {'line': b'\n'}
[16.264648] (robot_vision) StdoutLine: {'line': b'Installed /home/mandy/Delivery-Bot/build/robot_vision\n'}
[16.265094] (robot_vision) StdoutLine: {'line': b'running symlink_data\n'}
[16.268377] (robot_vision) StdoutLine: {'line': b'creating /home/mandy/Delivery-Bot/install/robot_vision/share/ament_index\n'}
[16.269024] (robot_vision) StdoutLine: {'line': b'creating /home/mandy/Delivery-Bot/install/robot_vision/share/ament_index/resource_index\n'}
[16.269553] (robot_vision) StdoutLine: {'line': b'creating /home/mandy/Delivery-Bot/install/robot_vision/share/ament_index/resource_index/packages\n'}
[16.272822] (robot_vision) StdoutLine: {'line': b'symbolically linking /home/mandy/Delivery-Bot/build/robot_vision/resource/robot_vision -> /home/mandy/Delivery-Bot/install/robot_vision/share/ament_index/resource_index/packages\n'}
[16.273511] (robot_vision) StdoutLine: {'line': b'symbolically linking /home/mandy/Delivery-Bot/build/robot_vision/package.xml -> /home/mandy/Delivery-Bot/install/robot_vision/share/robot_vision\n'}
[16.308407] (-) TimerEvent: {}
[16.411776] (-) TimerEvent: {}
[16.516748] (-) TimerEvent: {}
[16.552596] (robot_vision) CommandEnded: {'returncode': 0}
[16.619372] (-) TimerEvent: {}
[16.631059] (robot_description) StdoutLine: {'line': b'running egg_info\n'}
[16.633882] (robot_description) StdoutLine: {'line': b'creating robot_description.egg-info\n'}
[16.638894] (robot_vision) JobEnded: {'identifier': 'robot_vision', 'rc': 0}
[16.649885] (robot_navigation) StdoutLine: {'line': b'running egg_info\n'}
[16.651473] (robot_navigation) StdoutLine: {'line': b'creating robot_navigation.egg-info\n'}
[16.721396] (-) TimerEvent: {}
[16.800876] (robot_description) StdoutLine: {'line': b'writing robot_description.egg-info/PKG-INFO\n'}
[16.804086] (robot_description) StdoutLine: {'line': b'writing dependency_links to robot_description.egg-info/dependency_links.txt\n'}
[16.805010] (robot_navigation) StdoutLine: {'line': b'writing robot_navigation.egg-info/PKG-INFO\n'}
[16.806861] (robot_navigation) StdoutLine: {'line': b'writing dependency_links to robot_navigation.egg-info/dependency_links.txt\n'}
[16.808241] (robot_description) StdoutLine: {'line': b'writing requirements to robot_description.egg-info/requires.txt\n'}
[16.811152] (robot_navigation) StdoutLine: {'line': b'writing requirements to robot_navigation.egg-info/requires.txt\n'}
[16.811750] (robot_navigation) StdoutLine: {'line': b'writing top-level names to robot_navigation.egg-info/top_level.txt\n'}
[16.812236] (robot_navigation) StdoutLine: {'line': b"writing manifest file 'robot_navigation.egg-info/SOURCES.txt'\n"}
[16.813120] (robot_description) StdoutLine: {'line': b'writing top-level names to robot_description.egg-info/top_level.txt\n'}
[16.813803] (robot_description) StdoutLine: {'line': b"writing manifest file 'robot_description.egg-info/SOURCES.txt'\n"}
[16.821563] (-) TimerEvent: {}
[16.924647] (-) TimerEvent: {}
[17.025339] (-) TimerEvent: {}
[17.107962] (robot_navigation) StdoutLine: {'line': b"reading manifest file 'robot_navigation.egg-info/SOURCES.txt'\n"}
[17.108860] (robot_description) StdoutLine: {'line': b"reading manifest file 'robot_description.egg-info/SOURCES.txt'\n"}
[17.111225] (robot_navigation) StdoutLine: {'line': b"writing manifest file 'robot_navigation.egg-info/SOURCES.txt'\n"}
[17.112444] (robot_description) StdoutLine: {'line': b"writing manifest file 'robot_description.egg-info/SOURCES.txt'\n"}
[17.125516] (-) TimerEvent: {}
[17.227833] (robot_interfaces) StdoutLine: {'line': b'-- Using all available rosidl_typesupport_c: rosidl_typesupport_fastrtps_c;rosidl_typesupport_introspection_c\n'}
[17.228630] (-) TimerEvent: {}
[17.276779] (robot_navigation) StdoutLine: {'line': b'running build_ext\n'}
[17.278012] (robot_description) StdoutLine: {'line': b'running build_ext\n'}
[17.278952] (robot_description) StdoutLine: {'line': b'Creating /home/mandy/Delivery-Bot/install/robot_description/lib/python3.12/site-packages/robot-description.egg-link (link to .)\n'}
[17.279778] (robot_navigation) StdoutLine: {'line': b'Creating /home/mandy/Delivery-Bot/install/robot_navigation/lib/python3.12/site-packages/robot-navigation.egg-link (link to .)\n'}
[17.280717] (robot_navigation) StdoutLine: {'line': b'\n'}
[17.281576] (robot_navigation) StdoutLine: {'line': b'Installed /home/mandy/Delivery-Bot/build/robot_navigation\n'}
[17.283412] (robot_navigation) StdoutLine: {'line': b'running symlink_data\n'}
[17.284705] (robot_navigation) StdoutLine: {'line': b'creating /home/mandy/Delivery-Bot/install/robot_navigation/share/ament_index\n'}
[17.285910] (robot_description) StdoutLine: {'line': b'\n'}
[17.286941] (robot_description) StdoutLine: {'line': b'Installed /home/mandy/Delivery-Bot/build/robot_description\n'}
[17.288000] (robot_navigation) StdoutLine: {'line': b'creating /home/mandy/Delivery-Bot/install/robot_navigation/share/ament_index/resource_index\n'}
[17.289025] (robot_description) StdoutLine: {'line': b'running symlink_data\n'}
[17.289905] (robot_navigation) StdoutLine: {'line': b'creating /home/mandy/Delivery-Bot/install/robot_navigation/share/ament_index/resource_index/packages\n'}
[17.292047] (robot_description) StdoutLine: {'line': b'creating /home/mandy/Delivery-Bot/install/robot_description/share/ament_index\n'}
[17.293491] (robot_description) StdoutLine: {'line': b'creating /home/mandy/Delivery-Bot/install/robot_description/share/ament_index/resource_index\n'}
[17.295025] (robot_navigation) StdoutLine: {'line': b'symbolically linking /home/mandy/Delivery-Bot/build/robot_navigation/resource/robot_navigation -> /home/mandy/Delivery-Bot/install/robot_navigation/share/ament_index/resource_index/packages\n'}
[17.296556] (robot_description) StdoutLine: {'line': b'creating /home/mandy/Delivery-Bot/install/robot_description/share/ament_index/resource_index/packages\n'}
[17.298301] (robot_navigation) StdoutLine: {'line': b'symbolically linking /home/mandy/Delivery-Bot/build/robot_navigation/package.xml -> /home/mandy/Delivery-Bot/install/robot_navigation/share/robot_navigation\n'}
[17.300020] (robot_description) StdoutLine: {'line': b'symbolically linking /home/mandy/Delivery-Bot/build/robot_description/resource/robot_description -> /home/mandy/Delivery-Bot/install/robot_description/share/ament_index/resource_index/packages\n'}
[17.301525] (robot_navigation) StdoutLine: {'line': b'creating /home/mandy/Delivery-Bot/install/robot_navigation/share/robot_navigation/launch\n'}
[17.303815] (robot_description) StdoutLine: {'line': b'symbolically linking /home/mandy/Delivery-Bot/build/robot_description/package.xml -> /home/mandy/Delivery-Bot/install/robot_description/share/robot_description\n'}
[17.306203] (robot_description) StdoutLine: {'line': b'creating /home/mandy/Delivery-Bot/install/robot_description/share/robot_description/description\n'}
[17.308412] (robot_navigation) StdoutLine: {'line': b'symbolically linking /home/mandy/Delivery-Bot/build/robot_navigation/launch/navigation.launch.py -> /home/mandy/Delivery-Bot/install/robot_navigation/share/robot_navigation/launch\n'}
[17.310519] (robot_navigation) StdoutLine: {'line': b'creating /home/mandy/Delivery-Bot/install/robot_navigation/share/robot_navigation/config\n'}
[17.312777] (robot_description) StdoutLine: {'line': b'symbolically linking /home/mandy/Delivery-Bot/build/robot_description/description/robot_description.urdf -> /home/mandy/Delivery-Bot/install/robot_description/share/robot_description/description\n'}
[17.315087] (robot_navigation) StdoutLine: {'line': b'symbolically linking /home/mandy/Delivery-Bot/build/robot_navigation/config/nav2_params.yaml -> /home/mandy/Delivery-Bot/install/robot_navigation/share/robot_navigation/config\n'}
[17.317118] (robot_navigation) StdoutLine: {'line': b'symbolically linking /home/mandy/Delivery-Bot/build/robot_navigation/config/ekf.yaml -> /home/mandy/Delivery-Bot/install/robot_navigation/share/robot_navigation/config\n'}
[17.319428] (robot_navigation) StdoutLine: {'line': b'symbolically linking /home/mandy/Delivery-Bot/build/robot_navigation/config/slam_params.yaml -> /home/mandy/Delivery-Bot/install/robot_navigation/share/robot_navigation/config\n'}
[17.320869] (robot_description) StdoutLine: {'line': b'symbolically linking /home/mandy/Delivery-Bot/build/robot_description/description/robot_description.sdf -> /home/mandy/Delivery-Bot/install/robot_description/share/robot_description/description\n'}
[17.323105] (robot_description) StdoutLine: {'line': b'creating /home/mandy/Delivery-Bot/install/robot_description/share/robot_description/launch\n'}
[17.325200] (robot_navigation) StdoutLine: {'line': b'creating /home/mandy/Delivery-Bot/install/robot_navigation/share/robot_navigation/maps\n'}
[17.327673] (robot_description) StdoutLine: {'line': b'symbolically linking /home/mandy/Delivery-Bot/build/robot_description/launch/display.launch.py -> /home/mandy/Delivery-Bot/install/robot_description/share/robot_description/launch\n'}
[17.329558] (-) TimerEvent: {}
[17.333656] (robot_description) StdoutLine: {'line': b'creating /home/mandy/Delivery-Bot/install/robot_description/share/robot_description/meshes\n'}
[17.336012] (robot_description) StdoutLine: {'line': b'symbolically linking /home/mandy/Delivery-Bot/build/robot_description/meshes/body.stl -> /home/mandy/Delivery-Bot/install/robot_description/share/robot_description/meshes\n'}
[17.341506] (robot_description) StdoutLine: {'line': b'symbolically linking /home/mandy/Delivery-Bot/build/robot_description/meshes/head_v1.STL -> /home/mandy/Delivery-Bot/install/robot_description/share/robot_description/meshes\n'}
[17.343185] (robot_description) StdoutLine: {'line': b'creating /home/mandy/Delivery-Bot/install/robot_description/share/robot_description/rviz\n'}
[17.345724] (robot_description) StdoutLine: {'line': b'symbolically linking /home/mandy/Delivery-Bot/build/robot_description/rviz/config.rviz -> /home/mandy/Delivery-Bot/install/robot_description/share/robot_description/rviz\n'}
[17.430582] (-) TimerEvent: {}
[17.531973] (-) TimerEvent: {}
[17.580430] (robot_navigation) CommandEnded: {'returncode': 0}
[17.613126] (robot_navigation) JobEnded: {'identifier': 'robot_navigation', 'rc': 0}
[17.618640] (robot_description) CommandEnded: {'returncode': 0}
[17.632135] (-) TimerEvent: {}
[17.664068] (robot_description) JobEnded: {'identifier': 'robot_description', 'rc': 0}
[17.732347] (-) TimerEvent: {}
[17.832994] (-) TimerEvent: {}
[17.933739] (-) TimerEvent: {}
[18.034442] (-) TimerEvent: {}
[18.135157] (-) TimerEvent: {}
[18.235866] (-) TimerEvent: {}
[18.336633] (-) TimerEvent: {}
[18.437416] (-) TimerEvent: {}
[18.538416] (-) TimerEvent: {}
[18.639049] (-) TimerEvent: {}
[18.739649] (-) TimerEvent: {}
[18.840222] (-) TimerEvent: {}
[18.940932] (-) TimerEvent: {}
[19.041702] (-) TimerEvent: {}
[19.142236] (-) TimerEvent: {}
[19.242909] (-) TimerEvent: {}
[19.343731] (-) TimerEvent: {}
[19.444443] (-) TimerEvent: {}
[19.545162] (-) TimerEvent: {}
[19.645791] (-) TimerEvent: {}
[19.746431] (-) TimerEvent: {}
[19.847070] (-) TimerEvent: {}
[19.947910] (-) TimerEvent: {}
[20.048846] (-) TimerEvent: {}
[20.149481] (-) TimerEvent: {}
[20.250037] (-) TimerEvent: {}
[20.350660] (-) TimerEvent: {}
[20.451342] (-) TimerEvent: {}
[20.467158] (robot_interfaces) StdoutLine: {'line': b'-- Using all available rosidl_typesupport_cpp: rosidl_typesupport_fastrtps_cpp;rosidl_typesupport_introspection_cpp\n'}
[20.527328] (robot_interfaces) StdoutLine: {'line': b'-- Found python_cmake_module: 0.11.1 (/opt/ros/jazzy/share/python_cmake_module/cmake)\n'}
[20.551527] (-) TimerEvent: {}
[20.652370] (-) TimerEvent: {}
[20.753202] (-) TimerEvent: {}
[20.854297] (-) TimerEvent: {}
[20.955022] (-) TimerEvent: {}
[21.057442] (-) TimerEvent: {}
[21.158297] (-) TimerEvent: {}
[21.258989] (-) TimerEvent: {}
[21.322028] (robot_interfaces) StdoutLine: {'line': b'-- Found PythonExtra: /usr/bin/python3  \n'}
[21.359224] (-) TimerEvent: {}
[21.460126] (-) TimerEvent: {}
[21.560918] (-) TimerEvent: {}
[21.661852] (-) TimerEvent: {}
[21.762548] (-) TimerEvent: {}
[21.863116] (-) TimerEvent: {}
[21.963839] (-) TimerEvent: {}
[22.064424] (-) TimerEvent: {}
[22.165051] (-) TimerEvent: {}
[22.265686] (-) TimerEvent: {}
[22.366236] (-) TimerEvent: {}
[22.466927] (-) TimerEvent: {}
[22.567987] (-) TimerEvent: {}
[22.669030] (-) TimerEvent: {}
[22.769706] (-) TimerEvent: {}
[22.870323] (-) TimerEvent: {}
[22.970912] (-) TimerEvent: {}
[23.071636] (-) TimerEvent: {}
[23.172550] (-) TimerEvent: {}
[23.273495] (-) TimerEvent: {}
[23.374524] (-) TimerEvent: {}
[23.475115] (-) TimerEvent: {}
[23.575805] (-) TimerEvent: {}
[23.676540] (-) TimerEvent: {}
[23.680536] (robot_interfaces) StdoutLine: {'line': b'-- Found Python3: /usr/bin/python3 (found version "3.12.3") found components: Interpreter Development NumPy Development.Module Development.Embed \n'}
[23.776774] (-) TimerEvent: {}
[23.877413] (-) TimerEvent: {}
[23.978127] (-) TimerEvent: {}
[23.997674] (robot_interfaces) StdoutLine: {'line': b'-- Found Python3: /usr/bin/python3 (found version "3.12.3") found components: Interpreter \n'}
[24.064964] (robot_interfaces) StdoutLine: {'line': b'-- Found ament_lint_auto: 0.17.5 (/opt/ros/jazzy/share/ament_lint_auto/cmake)\n'}
[24.078313] (-) TimerEvent: {}
[24.178890] (-) TimerEvent: {}
[24.279519] (-) TimerEvent: {}
[24.380107] (-) TimerEvent: {}
[24.480775] (-) TimerEvent: {}
[24.525911] (robot_interfaces) StdoutLine: {'line': b"-- Added test 'lint_cmake' to check CMake code style\n"}
[24.542771] (robot_interfaces) StdoutLine: {'line': b"-- Added test 'xmllint' to check XML markup files\n"}
[24.580433] (robot_interfaces) StdoutLine: {'line': b'-- Configuring done (24.3s)\n'}
[24.581026] (-) TimerEvent: {}
[24.681731] (-) TimerEvent: {}
[24.782385] (-) TimerEvent: {}
[24.783064] (robot_interfaces) StdoutLine: {'line': b'-- Generating done (0.2s)\n'}
[24.840960] (robot_interfaces) StdoutLine: {'line': b'-- Build files have been written to: /home/mandy/Delivery-Bot/build/robot_interfaces\n'}
[24.866274] (robot_interfaces) CommandEnded: {'returncode': 0}
[24.868067] (robot_interfaces) JobProgress: {'identifier': 'robot_interfaces', 'progress': 'build'}
[24.870059] (robot_interfaces) Command: {'cmd': ['/usr/bin/cmake', '--build', '/home/mandy/Delivery-Bot/build/robot_interfaces', '--', '-j4', '-l4'], 'cwd': '/home/mandy/Delivery-Bot/build/robot_interfaces', 'env': OrderedDict({'LESSOPEN': '| /usr/bin/lesspipe %s', 'USER': 'mandy', 'GZ_CONFIG_PATH': '/opt/ros/jazzy/opt/gz_sim_vendor/share/gz:/opt/ros/jazzy/opt/sdformat_vendor/share/gz:/opt/ros/jazzy/opt/gz_gui_vendor/share/gz:/opt/ros/jazzy/opt/gz_transport_vendor/share/gz:/opt/ros/jazzy/opt/gz_rendering_vendor/share/gz:/opt/ros/jazzy/opt/gz_plugin_vendor/share/gz:/opt/ros/jazzy/opt/gz_fuel_tools_vendor/share/gz:/opt/ros/jazzy/opt/gz_msgs_vendor/share/gz:/opt/ros/jazzy/opt/gz_common_vendor/share/gz', 'XDG_SESSION_TYPE': 'wayland', 'CLUTTER_DISABLE_MIPMAPPED_TEXT': '1', 'SHLVL': '1', 'LD_LIBRARY_PATH': '/home/mandy/Delivery-Bot/install/robot_interfaces/lib:/opt/ros/jazzy/opt/gz_sim_vendor/lib:/opt/ros/jazzy/opt/gz_sensors_vendor/lib:/opt/ros/jazzy/opt/gz_physics_vendor/lib:/opt/ros/jazzy/opt/sdformat_vendor/lib:/opt/ros/jazzy/opt/rviz_ogre_vendor/lib:/opt/ros/jazzy/lib/aarch64-linux-gnu:/opt/ros/jazzy/opt/gz_gui_vendor/lib:/opt/ros/jazzy/opt/gz_transport_vendor/lib:/opt/ros/jazzy/opt/gz_rendering_vendor/lib:/opt/ros/jazzy/opt/gz_plugin_vendor/lib:/opt/ros/jazzy/opt/gz_fuel_tools_vendor/lib:/opt/ros/jazzy/opt/gz_msgs_vendor/lib:/opt/ros/jazzy/opt/gz_common_vendor/lib:/opt/ros/jazzy/opt/gz_math_vendor/lib:/opt/ros/jazzy/opt/gz_utils_vendor/lib:/opt/ros/jazzy/opt/gz_tools_vendor/lib:/opt/ros/jazzy/opt/gz_ogre_next_vendor/lib:/opt/ros/jazzy/opt/gz_dartsim_vendor/lib:/opt/ros/jazzy/opt/gz_cmake_vendor/lib:/opt/ros/jazzy/lib', 'HOME': '/home/mandy', 'OLDPWD': '/home/mandy', 'DESKTOP_SESSION': 'ubuntu', 'ROS_PYTHON_VERSION': '3', 'GNOME_SHELL_SESSION_MODE': 'ubuntu', 'GTK_MODULES': 'gail:atk-bridge', 'SYSTEMD_EXEC_PID': '2289', 'GSM_SKIP_SSH_AGENT_WORKAROUND': 'true', 'DBUS_SESSION_BUS_ADDRESS': 'unix:path=/run/user/1000/bus', 'COLORTERM': 'truecolor', 'DEBUGINFOD_URLS': 'https://debuginfod.ubuntu.com', 'IM_CONFIG_PHASE': '1', 'WAYLAND_DISPLAY': 'wayland-0', 'COLCON_PREFIX_PATH': '/home/mandy/Delivery-Bot/install', 'ROS_DISTRO': 'jazzy', 'LOGNAME': 'mandy', '_': '/usr/bin/colcon', 'ROS_VERSION': '2', 'MEMORY_PRESSURE_WATCH': '/sys/fs/cgroup/user.slice/user-1000.slice/user@1000.service/session.slice/org.gnome.Shell@wayland.service/memory.pressure', 'XDG_SESSION_CLASS': 'user', 'USERNAME': 'mandy', 'TERM': 'xterm-256color', 'GNOME_DESKTOP_SESSION_ID': 'this-is-deprecated', 'PATH': '/opt/ros/jazzy/opt/gz_msgs_vendor/bin:/opt/ros/jazzy/opt/gz_tools_vendor/bin:/opt/ros/jazzy/opt/gz_ogre_next_vendor/bin:/opt/ros/jazzy/bin:/usr/local/sbin:/usr/local/bin:/usr/sbin:/usr/bin:/sbin:/bin:/usr/games:/usr/local/games:/snap/bin:/snap/bin', 'SESSION_MANAGER': 'local/mandy-desktop:@/tmp/.ICE-unix/2260,unix/mandy-desktop:/tmp/.ICE-unix/2260', 'XDG_MENU_PREFIX': 'gnome-', 'GNOME_TERMINAL_SCREEN': '/org/gnome/Terminal/screen/64b34eac_2ff3_4b2e_aef2_cdd13df9d21d', 'GNOME_SETUP_DISPLAY': ':1', 'XDG_RUNTIME_DIR': '/run/user/1000', 'DISPLAY': ':0', 'LANG': 'en_US.UTF-8', 'XDG_CURRENT_DESKTOP': 'ubuntu:GNOME', 'XMODIFIERS': '@im=ibus', 'XDG_SESSION_DESKTOP': 'ubuntu', 'XAUTHORITY': '/run/user/1000/.mutter-Xwaylandauth.XUOVS3', 'LS_COLORS': 'rs=0:di=01;34:ln=01;36:mh=00:pi=40;33:so=01;35:do=01;35:bd=40;33;01:cd=40;33;01:or=40;31;01:mi=00:su=37;41:sg=30;43:ca=00:tw=30;42:ow=34;42:st=37;44:ex=01;32:*.tar=01;31:*.tgz=01;31:*.arc=01;31:*.arj=01;31:*.taz=01;31:*.lha=01;31:*.lz4=01;31:*.lzh=01;31:*.lzma=01;31:*.tlz=01;31:*.txz=01;31:*.tzo=01;31:*.t7z=01;31:*.zip=01;31:*.z=01;31:*.dz=01;31:*.gz=01;31:*.lrz=01;31:*.lz=01;31:*.lzo=01;31:*.xz=01;31:*.zst=01;31:*.tzst=01;31:*.bz2=01;31:*.bz=01;31:*.tbz=01;31:*.tbz2=01;31:*.tz=01;31:*.deb=01;31:*.rpm=01;31:*.jar=01;31:*.war=01;31:*.ear=01;31:*.sar=01;31:*.rar=01;31:*.alz=01;31:*.ace=01;31:*.zoo=01;31:*.cpio=01;31:*.7z=01;31:*.rz=01;31:*.cab=01;31:*.wim=01;31:*.swm=01;31:*.dwm=01;31:*.esd=01;31:*.avif=01;35:*.jpg=01;35:*.jpeg=01;35:*.mjpg=01;35:*.mjpeg=01;35:*.gif=01;35:*.bmp=01;35:*.pbm=01;35:*.pgm=01;35:*.ppm=01;35:*.tga=01;35:*.xbm=01;35:*.xpm=01;35:*.tif=01;35:*.tiff=01;35:*.png=01;35:*.svg=01;35:*.svgz=01;35:*.mng=01;35:*.pcx=01;35:*.mov=01;35:*.mpg=01;35:*.mpeg=01;35:*.m2v=01;35:*.mkv=01;35:*.webm=01;35:*.webp=01;35:*.ogm=01;35:*.mp4=01;35:*.m4v=01;35:*.mp4v=01;35:*.vob=01;35:*.qt=01;35:*.nuv=01;35:*.wmv=01;35:*.asf=01;35:*.rm=01;35:*.rmvb=01;35:*.flc=01;35:*.avi=01;35:*.fli=01;35:*.flv=01;35:*.gl=01;35:*.dl=01;35:*.xcf=01;35:*.xwd=01;35:*.yuv=01;35:*.cgm=01;35:*.emf=01;35:*.ogv=01;35:*.ogx=01;35:*.aac=00;36:*.au=00;36:*.flac=00;36:*.m4a=00;36:*.mid=00;36:*.midi=00;36:*.mka=00;36:*.mp3=00;36:*.mpc=00;36:*.ogg=00;36:*.ra=00;36:*.wav=00;36:*.oga=00;36:*.opus=00;36:*.spx=00;36:*.xspf=00;36:*~=00;90:*#=00;90:*.bak=00;90:*.crdownload=00;90:*.dpkg-dist=00;90:*.dpkg-new=00;90:*.dpkg-old=00;90:*.dpkg-tmp=00;90:*.old=00;90:*.orig=00;90:*.part=00;90:*.rej=00;90:*.rpmnew=00;90:*.rpmorig=00;90:*.rpmsave=00;90:*.swp=00;90:*.tmp=00;90:*.ucf-dist=00;90:*.ucf-new=00;90:*.ucf-old=00;90:', 'GNOME_TERMINAL_SERVICE': ':1.102', 'SSH_AUTH_SOCK': '/run/user/1000/keyring/ssh', 'AMENT_PREFIX_PATH': '/home/mandy/Delivery-Bot/install/robot_bringup:/home/mandy/Delivery-Bot/install/robot_vision:/home/mandy/Delivery-Bot/install/robot_navigation:/home/mandy/Delivery-Bot/install/robot_control:/home/mandy/Delivery-Bot/install/robot_interfaces:/home/mandy/Delivery-Bot/install/robot_description:/opt/ros/jazzy', 'SHELL': '/bin/bash', 'QT_ACCESSIBILITY': '1', 'GDMSESSION': 'ubuntu', 'LESSCLOSE': '/usr/bin/lesspipe %s %s', 'ROS_AUTOMATIC_DISCOVERY_RANGE': 'SUBNET', 'QT_IM_MODULE': 'ibus', 'PWD': '/home/mandy/Delivery-Bot/build/robot_interfaces', 'LC_ALL': 'en_US.UTF-8', 'XDG_CONFIG_DIRS': '/etc/xdg/xdg-ubuntu:/etc/xdg', 'XDG_DATA_DIRS': '/usr/share/ubuntu:/usr/share/gnome:/usr/local/share/:/usr/share/:/var/lib/snapd/desktop', 'PYTHONPATH': '/home/mandy/Delivery-Bot/build/robot_bringup:/home/mandy/Delivery-Bot/install/robot_bringup/lib/python3.12/site-packages:/home/mandy/Delivery-Bot/build/robot_vision:/home/mandy/Delivery-Bot/install/robot_vision/lib/python3.12/site-packages:/home/mandy/Delivery-Bot/build/robot_navigation:/home/mandy/Delivery-Bot/install/robot_navigation/lib/python3.12/site-packages:/home/mandy/Delivery-Bot/build/robot_control:/home/mandy/Delivery-Bot/install/robot_control/lib/python3.12/site-packages:/home/mandy/Delivery-Bot/install/robot_interfaces/lib/python3.12/site-packages:/home/mandy/Delivery-Bot/build/robot_description:/home/mandy/Delivery-Bot/install/robot_description/lib/python3.12/site-packages:/opt/ros/jazzy/lib/python3.12/site-packages', 'COLCON': '1', 'MEMORY_PRESSURE_WRITE': 'c29tZSAyMDAwMDAgMjAwMDAwMAA=', 'VTE_VERSION': '7600', 'CMAKE_PREFIX_PATH': '/home/mandy/Delivery-Bot/install/robot_interfaces:/opt/ros/jazzy/opt/gz_sim_vendor:/opt/ros/jazzy/opt/gz_sensors_vendor:/opt/ros/jazzy/opt/gz_physics_vendor:/opt/ros/jazzy/opt/sdformat_vendor:/opt/ros/jazzy/opt/gz_gui_vendor:/opt/ros/jazzy/opt/gz_transport_vendor:/opt/ros/jazzy/opt/gz_rendering_vendor:/opt/ros/jazzy/opt/gz_plugin_vendor:/opt/ros/jazzy/opt/gz_fuel_tools_vendor:/opt/ros/jazzy/opt/gz_msgs_vendor:/opt/ros/jazzy/opt/gz_common_vendor:/opt/ros/jazzy/opt/gz_math_vendor:/opt/ros/jazzy/opt/gz_utils_vendor:/opt/ros/jazzy/opt/gz_tools_vendor:/opt/ros/jazzy/opt/gz_ogre_next_vendor:/opt/ros/jazzy/opt/gz_dartsim_vendor:/opt/ros/jazzy/opt/gz_cmake_vendor:/home/mandy/Delivery-Bot/install/robot_bringup:/home/mandy/Delivery-Bot/install/robot_vision:/home/mandy/Delivery-Bot/install/robot_navigation:/home/mandy/Delivery-Bot/install/robot_control:/home/mandy/Delivery-Bot/install/robot_description:/opt/ros/jazzy'}), 'shell': False}
[24.882595] (-) TimerEvent: {}
[24.983319] (-) TimerEvent: {}
[25.084102] (-) TimerEvent: {}
[25.184777] (-) TimerEvent: {}
[25.231976] (robot_interfaces) StdoutLine: {'line': b'[  2%] \x1b[34m\x1b[1mGenerating type hashes for ROS interfaces\x1b[0m\n'}
[25.284925] (-) TimerEvent: {}
[25.385508] (-) TimerEvent: {}
[25.486082] (-) TimerEvent: {}
[25.586776] (-) TimerEvent: {}
[25.687367] (-) TimerEvent: {}
[25.788013] (-) TimerEvent: {}
[25.888664] (-) TimerEvent: {}
[25.989233] (-) TimerEvent: {}
[26.090062] (-) TimerEvent: {}
[26.159023] (robot_interfaces) StdoutLine: {'line': b'[  2%] Built target robot_interfaces__rosidl_generator_type_description\n'}
[26.190292] (-) TimerEvent: {}
[26.291013] (-) TimerEvent: {}
[26.359065] (robot_interfaces) StdoutLine: {'line': b'[  2%] Built target ament_cmake_python_symlink_robot_interfaces\n'}
[26.391241] (-) TimerEvent: {}
[26.492035] (-) TimerEvent: {}
[26.507234] (robot_interfaces) StdoutLine: {'line': b'[  5%] \x1b[34m\x1b[1mGenerating C++ code for ROS interfaces\x1b[0m\n'}
[26.592200] (-) TimerEvent: {}
[26.692821] (-) TimerEvent: {}
[26.793502] (-) TimerEvent: {}
[26.894056] (-) TimerEvent: {}
[26.994684] (-) TimerEvent: {}
[27.095291] (-) TimerEvent: {}
[27.195866] (-) TimerEvent: {}
[27.296490] (-) TimerEvent: {}
[27.397110] (-) TimerEvent: {}
[27.498023] (-) TimerEvent: {}
[27.598733] (-) TimerEvent: {}
[27.699399] (-) TimerEvent: {}
[27.783587] (robot_interfaces) StdoutLine: {'line': b'[  5%] Built target robot_interfaces__cpp\n'}
[27.799575] (-) TimerEvent: {}
[27.900157] (-) TimerEvent: {}
[28.000854] (-) TimerEvent: {}
[28.101483] (-) TimerEvent: {}
[28.202151] (-) TimerEvent: {}
[28.302837] (-) TimerEvent: {}
[28.403432] (-) TimerEvent: {}
[28.503967] (-) TimerEvent: {}
[28.604557] (-) TimerEvent: {}
[28.705097] (-) TimerEvent: {}
[28.805833] (-) TimerEvent: {}
[28.835181] (robot_interfaces) StdoutLine: {'line': b'running egg_info\n'}
[28.838425] (robot_interfaces) StdoutLine: {'line': b'creating robot_interfaces.egg-info\n'}
[28.906061] (-) TimerEvent: {}
[28.948016] (robot_interfaces) StdoutLine: {'line': b'writing robot_interfaces.egg-info/PKG-INFO\n'}
[28.949213] (robot_interfaces) StdoutLine: {'line': b'writing dependency_links to robot_interfaces.egg-info/dependency_links.txt\n'}
[28.950712] (robot_interfaces) StdoutLine: {'line': b'writing top-level names to robot_interfaces.egg-info/top_level.txt\n'}
[28.952615] (robot_interfaces) StdoutLine: {'line': b"writing manifest file 'robot_interfaces.egg-info/SOURCES.txt'\n"}
[29.007396] (-) TimerEvent: {}
[29.108018] (-) TimerEvent: {}
[29.208785] (-) TimerEvent: {}
[29.309430] (-) TimerEvent: {}
[29.342297] (robot_interfaces) StdoutLine: {'line': b"reading manifest file 'robot_interfaces.egg-info/SOURCES.txt'\n"}
[29.344843] (robot_interfaces) StdoutLine: {'line': b"writing manifest file 'robot_interfaces.egg-info/SOURCES.txt'\n"}
[29.409770] (-) TimerEvent: {}
[29.510871] (-) TimerEvent: {}
[29.529653] (robot_interfaces) StdoutLine: {'line': b'[  5%] Built target ament_cmake_python_build_robot_interfaces_egg\n'}
[29.603919] (robot_interfaces) StdoutLine: {'line': b'[  8%] \x1b[34m\x1b[1mGenerating C code for ROS interfaces\x1b[0m\n'}
[29.611039] (-) TimerEvent: {}
[29.711695] (-) TimerEvent: {}
[29.812350] (-) TimerEvent: {}
[29.913048] (-) TimerEvent: {}
[30.013704] (-) TimerEvent: {}
[30.114332] (-) TimerEvent: {}
[30.214889] (-) TimerEvent: {}
[30.315508] (-) TimerEvent: {}
[30.416068] (-) TimerEvent: {}
[30.516644] (-) TimerEvent: {}
[30.617362] (-) TimerEvent: {}
[30.718114] (-) TimerEvent: {}
[30.818776] (-) TimerEvent: {}
[30.919411] (-) TimerEvent: {}
[31.020177] (-) TimerEvent: {}
[31.099008] (robot_interfaces) StdoutLine: {'line': b'[ 11%] \x1b[32mBuilding C object CMakeFiles/robot_interfaces__rosidl_generator_c.dir/rosidl_generator_c/robot_interfaces/msg/detail/encoder_speed__description.c.o\x1b[0m\n'}
[31.120394] (-) TimerEvent: {}
[31.221021] (-) TimerEvent: {}
[31.321779] (-) TimerEvent: {}
[31.405209] (robot_interfaces) StdoutLine: {'line': b'[ 14%] \x1b[32mBuilding C object CMakeFiles/robot_interfaces__rosidl_generator_c.dir/rosidl_generator_c/robot_interfaces/msg/detail/encoder_speed__type_support.c.o\x1b[0m\n'}
[31.421968] (-) TimerEvent: {}
[31.522669] (-) TimerEvent: {}
[31.601046] (robot_interfaces) StdoutLine: {'line': b'[ 17%] \x1b[32mBuilding C object CMakeFiles/robot_interfaces__rosidl_generator_c.dir/rosidl_generator_c/robot_interfaces/msg/detail/encoder_speed__functions.c.o\x1b[0m\n'}
[31.622899] (-) TimerEvent: {}
[31.723705] (-) TimerEvent: {}
[31.824470] (-) TimerEvent: {}
[31.917435] (robot_interfaces) StdoutLine: {'line': b'[ 20%] \x1b[32m\x1b[1mLinking C shared library librobot_interfaces__rosidl_generator_c.so\x1b[0m\n'}
[31.924637] (-) TimerEvent: {}
[32.025314] (-) TimerEvent: {}
[32.126000] (-) TimerEvent: {}
[32.168076] (robot_interfaces) StdoutLine: {'line': b'[ 20%] Built target robot_interfaces__rosidl_generator_c\n'}
[32.226239] (-) TimerEvent: {}
[32.317340] (robot_interfaces) StdoutLine: {'line': b'[ 22%] \x1b[34m\x1b[1mGenerating Rust code for ROS interfaces\x1b[0m\n'}
[32.326396] (-) TimerEvent: {}
[32.426978] (-) TimerEvent: {}
[32.527617] (-) TimerEvent: {}
[32.628208] (-) TimerEvent: {}
[32.728878] (-) TimerEvent: {}
[32.829654] (-) TimerEvent: {}
[32.930234] (-) TimerEvent: {}
[33.030845] (-) TimerEvent: {}
[33.131473] (-) TimerEvent: {}
[33.232082] (-) TimerEvent: {}
[33.332818] (-) TimerEvent: {}
[33.433456] (-) TimerEvent: {}
[33.514556] (robot_interfaces) StdoutLine: {'line': b'[ 22%] Built target robot_interfaces__rs\n'}
[33.533680] (-) TimerEvent: {}
[33.584876] (robot_interfaces) StdoutLine: {'line': b'[ 25%] \x1b[34m\x1b[1mGenerating C type support dispatch for ROS interfaces\x1b[0m\n'}
[33.633839] (-) TimerEvent: {}
[33.734468] (-) TimerEvent: {}
[33.835294] (-) TimerEvent: {}
[33.936233] (-) TimerEvent: {}
[34.036902] (-) TimerEvent: {}
[34.137568] (-) TimerEvent: {}
[34.238296] (-) TimerEvent: {}
[34.338972] (-) TimerEvent: {}
[34.439708] (-) TimerEvent: {}
[34.540449] (-) TimerEvent: {}
[34.641324] (-) TimerEvent: {}
[34.692858] (robot_interfaces) StdoutLine: {'line': b'[ 28%] \x1b[32mBuilding CXX object CMakeFiles/robot_interfaces__rosidl_typesupport_c.dir/rosidl_typesupport_c/robot_interfaces/msg/encoder_speed__type_support.cpp.o\x1b[0m\n'}
[34.741463] (-) TimerEvent: {}
[34.842142] (-) TimerEvent: {}
[34.942876] (-) TimerEvent: {}
[35.011949] (robot_interfaces) StdoutLine: {'line': b'[ 31%] \x1b[32m\x1b[1mLinking CXX shared library librobot_interfaces__rosidl_typesupport_c.so\x1b[0m\n'}
[35.043067] (-) TimerEvent: {}
[35.143737] (-) TimerEvent: {}
[35.244445] (-) TimerEvent: {}
[35.247461] (robot_interfaces) StdoutLine: {'line': b'[ 31%] Built target robot_interfaces__rosidl_typesupport_c\n'}
[35.321747] (robot_interfaces) StdoutLine: {'line': b'[ 34%] \x1b[34m\x1b[1mGenerating C++ type support for eProsima Fast-RTPS\x1b[0m\n'}
[35.344638] (-) TimerEvent: {}
[35.445279] (-) TimerEvent: {}
[35.545899] (-) TimerEvent: {}
[35.646637] (-) TimerEvent: {}
[35.747201] (-) TimerEvent: {}
[35.847844] (-) TimerEvent: {}
[35.948489] (-) TimerEvent: {}
[36.049069] (-) TimerEvent: {}
[36.149747] (-) TimerEvent: {}
[36.250501] (-) TimerEvent: {}
[36.351458] (-) TimerEvent: {}
[36.452188] (-) TimerEvent: {}
[36.471178] (robot_interfaces) StdoutLine: {'line': b'[ 37%] \x1b[32mBuilding CXX object CMakeFiles/robot_interfaces__rosidl_typesupport_fastrtps_cpp.dir/rosidl_typesupport_fastrtps_cpp/robot_interfaces/msg/detail/dds_fastrtps/encoder_speed__type_support.cpp.o\x1b[0m\n'}
[36.552390] (-) TimerEvent: {}
[36.653069] (-) TimerEvent: {}
[36.753928] (-) TimerEvent: {}
[36.854616] (-) TimerEvent: {}
[36.955386] (-) TimerEvent: {}
[37.056097] (-) TimerEvent: {}
[37.156838] (-) TimerEvent: {}
[37.257559] (-) TimerEvent: {}
[37.358333] (-) TimerEvent: {}
[37.459002] (-) TimerEvent: {}
[37.559751] (-) TimerEvent: {}
[37.660413] (-) TimerEvent: {}
[37.761049] (-) TimerEvent: {}
[37.861888] (-) TimerEvent: {}
[37.962682] (-) TimerEvent: {}
[38.063390] (-) TimerEvent: {}
[38.164038] (-) TimerEvent: {}
[38.264778] (-) TimerEvent: {}
[38.365602] (-) TimerEvent: {}
[38.466381] (-) TimerEvent: {}
[38.567107] (-) TimerEvent: {}
[38.667908] (-) TimerEvent: {}
[38.768718] (-) TimerEvent: {}
[38.869691] (-) TimerEvent: {}
[38.893963] (robot_interfaces) StdoutLine: {'line': b'[ 40%] \x1b[32m\x1b[1mLinking CXX shared library librobot_interfaces__rosidl_typesupport_fastrtps_cpp.so\x1b[0m\n'}
[38.969893] (-) TimerEvent: {}
[39.070782] (-) TimerEvent: {}
[39.171799] (-) TimerEvent: {}
[39.176369] (robot_interfaces) StdoutLine: {'line': b'[ 40%] Built target robot_interfaces__rosidl_typesupport_fastrtps_cpp\n'}
[39.252499] (robot_interfaces) StdoutLine: {'line': b'[ 42%] \x1b[34m\x1b[1mGenerating C++ introspection for ROS interfaces\x1b[0m\n'}
[39.272025] (-) TimerEvent: {}
[39.372823] (-) TimerEvent: {}
[39.473665] (-) TimerEvent: {}
[39.574369] (-) TimerEvent: {}
[39.675152] (-) TimerEvent: {}
[39.775929] (-) TimerEvent: {}
[39.876654] (-) TimerEvent: {}
[39.977282] (-) TimerEvent: {}
[40.077859] (-) TimerEvent: {}
[40.178556] (-) TimerEvent: {}
[40.279626] (-) TimerEvent: {}
[40.380303] (-) TimerEvent: {}
[40.429000] (robot_interfaces) StdoutLine: {'line': b'[ 45%] \x1b[32mBuilding CXX object CMakeFiles/robot_interfaces__rosidl_typesupport_introspection_cpp.dir/rosidl_typesupport_introspection_cpp/robot_interfaces/msg/detail/encoder_speed__type_support.cpp.o\x1b[0m\n'}
[40.480491] (-) TimerEvent: {}
[40.581147] (-) TimerEvent: {}
[40.681823] (-) TimerEvent: {}
[40.782460] (-) TimerEvent: {}
[40.883180] (-) TimerEvent: {}
[40.983931] (-) TimerEvent: {}
[41.084655] (-) TimerEvent: {}
[41.185379] (-) TimerEvent: {}
[41.286055] (-) TimerEvent: {}
[41.386788] (-) TimerEvent: {}
[41.487524] (-) TimerEvent: {}
[41.588218] (-) TimerEvent: {}
[41.689035] (-) TimerEvent: {}
[41.789818] (-) TimerEvent: {}
[41.859974] (robot_interfaces) StdoutLine: {'line': b'[ 48%] \x1b[32m\x1b[1mLinking CXX shared library librobot_interfaces__rosidl_typesupport_introspection_cpp.so\x1b[0m\n'}
[41.889996] (-) TimerEvent: {}
[41.990669] (-) TimerEvent: {}
[42.091443] (-) TimerEvent: {}
[42.106024] (robot_interfaces) StdoutLine: {'line': b'[ 48%] Built target robot_interfaces__rosidl_typesupport_introspection_cpp\n'}
[42.180912] (robot_interfaces) StdoutLine: {'line': b'[ 51%] \x1b[34m\x1b[1mGenerating C++ type support dispatch for ROS interfaces\x1b[0m\n'}
[42.191617] (-) TimerEvent: {}
[42.292210] (-) TimerEvent: {}
[42.392914] (-) TimerEvent: {}
[42.493581] (-) TimerEvent: {}
[42.594192] (-) TimerEvent: {}
[42.694850] (-) TimerEvent: {}
[42.795509] (-) TimerEvent: {}
[42.896076] (-) TimerEvent: {}
[42.996825] (-) TimerEvent: {}
[43.097765] (-) TimerEvent: {}
[43.188407] (robot_interfaces) StdoutLine: {'line': b'[ 54%] \x1b[32mBuilding CXX object CMakeFiles/robot_interfaces__rosidl_typesupport_cpp.dir/rosidl_typesupport_cpp/robot_interfaces/msg/encoder_speed__type_support.cpp.o\x1b[0m\n'}
[43.197952] (-) TimerEvent: {}
[43.298655] (-) TimerEvent: {}
[43.399284] (-) TimerEvent: {}
[43.499903] (-) TimerEvent: {}
[43.600592] (-) TimerEvent: {}
[43.701327] (-) TimerEvent: {}
[43.801987] (-) TimerEvent: {}
[43.902749] (-) TimerEvent: {}
[44.003457] (-) TimerEvent: {}
[44.104113] (-) TimerEvent: {}
[44.204817] (-) TimerEvent: {}
[44.305555] (-) TimerEvent: {}
[44.406320] (-) TimerEvent: {}
[44.507018] (-) TimerEvent: {}
[44.610397] (-) TimerEvent: {}
[44.662934] (robot_interfaces) StdoutLine: {'line': b'[ 57%] \x1b[32m\x1b[1mLinking CXX shared library librobot_interfaces__rosidl_typesupport_cpp.so\x1b[0m\n'}
[44.710616] (-) TimerEvent: {}
[44.811335] (-) TimerEvent: {}
[44.912124] (-) TimerEvent: {}
[44.949437] (robot_interfaces) StdoutLine: {'line': b'[ 57%] Built target robot_interfaces__rosidl_typesupport_cpp\n'}
[45.012417] (-) TimerEvent: {}
[45.038047] (robot_interfaces) StdoutLine: {'line': b'[ 60%] \x1b[34m\x1b[1mGenerating C introspection for ROS interfaces\x1b[0m\n'}
[45.112589] (-) TimerEvent: {}
[45.213161] (-) TimerEvent: {}
[45.313818] (-) TimerEvent: {}
[45.414412] (-) TimerEvent: {}
[45.514989] (-) TimerEvent: {}
[45.615698] (-) TimerEvent: {}
[45.716315] (-) TimerEvent: {}
[45.816934] (-) TimerEvent: {}
[45.917726] (-) TimerEvent: {}
[46.018526] (-) TimerEvent: {}
[46.119162] (-) TimerEvent: {}
[46.139762] (robot_interfaces) StdoutLine: {'line': b'[ 62%] \x1b[32mBuilding C object CMakeFiles/robot_interfaces__rosidl_typesupport_introspection_c.dir/rosidl_typesupport_introspection_c/robot_interfaces/msg/detail/encoder_speed__type_support.c.o\x1b[0m\n'}
[46.219405] (-) TimerEvent: {}
[46.320052] (-) TimerEvent: {}
[46.366380] (robot_interfaces) StdoutLine: {'line': b'[ 65%] \x1b[32m\x1b[1mLinking C shared library librobot_interfaces__rosidl_typesupport_introspection_c.so\x1b[0m\n'}
[46.420292] (-) TimerEvent: {}
[46.520998] (-) TimerEvent: {}
[46.568205] (robot_interfaces) StdoutLine: {'line': b'[ 65%] Built target robot_interfaces__rosidl_typesupport_introspection_c\n'}
[46.621207] (-) TimerEvent: {}
[46.642897] (robot_interfaces) StdoutLine: {'line': b'[ 68%] \x1b[34m\x1b[1mGenerating C type support for eProsima Fast-RTPS\x1b[0m\n'}
[46.721398] (-) TimerEvent: {}
[46.822033] (-) TimerEvent: {}
[46.922648] (-) TimerEvent: {}
[47.023212] (-) TimerEvent: {}
[47.123825] (-) TimerEvent: {}
[47.224377] (-) TimerEvent: {}
[47.324940] (-) TimerEvent: {}
[47.425712] (-) TimerEvent: {}
[47.526518] (-) TimerEvent: {}
[47.627416] (-) TimerEvent: {}
[47.728151] (-) TimerEvent: {}
[47.802015] (robot_interfaces) StdoutLine: {'line': b'[ 71%] \x1b[32mBuilding CXX object CMakeFiles/robot_interfaces__rosidl_typesupport_fastrtps_c.dir/rosidl_typesupport_fastrtps_c/robot_interfaces/msg/detail/encoder_speed__type_support_c.cpp.o\x1b[0m\n'}
[47.828381] (-) TimerEvent: {}
[47.929047] (-) TimerEvent: {}
[48.029824] (-) TimerEvent: {}
[48.130578] (-) TimerEvent: {}
[48.231329] (-) TimerEvent: {}
[48.332045] (-) TimerEvent: {}
[48.432806] (-) TimerEvent: {}
[48.533561] (-) TimerEvent: {}
[48.634288] (-) TimerEvent: {}
[48.735024] (-) TimerEvent: {}
[48.835753] (-) TimerEvent: {}
[48.936429] (-) TimerEvent: {}
[49.037116] (-) TimerEvent: {}
[49.137880] (-) TimerEvent: {}
[49.238572] (-) TimerEvent: {}
[49.339312] (-) TimerEvent: {}
[49.440068] (-) TimerEvent: {}
[49.540794] (-) TimerEvent: {}
[49.641425] (-) TimerEvent: {}
[49.742092] (-) TimerEvent: {}
[49.845483] (-) TimerEvent: {}
[49.926882] (robot_interfaces) StdoutLine: {'line': b'[ 74%] \x1b[32m\x1b[1mLinking CXX shared library librobot_interfaces__rosidl_typesupport_fastrtps_c.so\x1b[0m\n'}
[49.945671] (-) TimerEvent: {}
[50.046509] (-) TimerEvent: {}
[50.147377] (-) TimerEvent: {}
[50.241166] (robot_interfaces) StdoutLine: {'line': b'[ 74%] Built target robot_interfaces__rosidl_typesupport_fastrtps_c\n'}
[50.247556] (-) TimerEvent: {}
[50.348360] (-) TimerEvent: {}
[50.387428] (robot_interfaces) StdoutLine: {'line': b'[ 74%] Built target robot_interfaces\n'}
[50.448568] (-) TimerEvent: {}
[50.536694] (robot_interfaces) StdoutLine: {'line': b'[ 77%] \x1b[34m\x1b[1mGenerating Python code for ROS interfaces\x1b[0m\n'}
[50.548763] (-) TimerEvent: {}
[50.649396] (-) TimerEvent: {}
[50.750005] (-) TimerEvent: {}
[50.850736] (-) TimerEvent: {}
[50.951338] (-) TimerEvent: {}
[51.051995] (-) TimerEvent: {}
[51.152937] (-) TimerEvent: {}
[51.253624] (-) TimerEvent: {}
[51.354199] (-) TimerEvent: {}
[51.454798] (-) TimerEvent: {}
[51.555355] (-) TimerEvent: {}
[51.655973] (-) TimerEvent: {}
[51.756618] (-) TimerEvent: {}
[51.857351] (-) TimerEvent: {}
[51.957966] (-) TimerEvent: {}
[51.988283] (robot_interfaces) StdoutLine: {'line': b'[ 77%] Built target robot_interfaces__py\n'}
[52.058174] (-) TimerEvent: {}
[52.132948] (robot_interfaces) StdoutLine: {'line': b'[ 80%] \x1b[32mBuilding C object CMakeFiles/robot_interfaces__rosidl_generator_py.dir/rosidl_generator_py/robot_interfaces/msg/_encoder_speed_s.c.o\x1b[0m\n'}
[52.158407] (-) TimerEvent: {}
[52.259086] (-) TimerEvent: {}
[52.359771] (-) TimerEvent: {}
[52.460485] (-) TimerEvent: {}
[52.561143] (-) TimerEvent: {}
[52.661843] (-) TimerEvent: {}
[52.762591] (-) TimerEvent: {}
[52.839823] (robot_interfaces) StdoutLine: {'line': b'[ 82%] \x1b[32m\x1b[1mLinking C shared library librobot_interfaces__rosidl_generator_py.so\x1b[0m\n'}
[52.862784] (-) TimerEvent: {}
[52.963467] (-) TimerEvent: {}
[53.064287] (-) TimerEvent: {}
[53.096428] (robot_interfaces) StdoutLine: {'line': b'[ 82%] Built target robot_interfaces__rosidl_generator_py\n'}
[53.164441] (-) TimerEvent: {}
[53.244152] (robot_interfaces) StdoutLine: {'line': b'[ 85%] \x1b[32mBuilding C object CMakeFiles/robot_interfaces_s__rosidl_typesupport_fastrtps_c.dir/rosidl_generator_py/robot_interfaces/_robot_interfaces_s.ep.rosidl_typesupport_fastrtps_c.c.o\x1b[0m\n'}
[53.264629] (-) TimerEvent: {}
[53.365234] (-) TimerEvent: {}
[53.465879] (-) TimerEvent: {}
[53.566591] (-) TimerEvent: {}
[53.667360] (-) TimerEvent: {}
[53.768095] (-) TimerEvent: {}
[53.800670] (robot_interfaces) StdoutLine: {'line': b'[ 88%] \x1b[32m\x1b[1mLinking C shared module rosidl_generator_py/robot_interfaces/robot_interfaces_s__rosidl_typesupport_fastrtps_c.so\x1b[0m\n'}
[53.868339] (-) TimerEvent: {}
[53.968938] (-) TimerEvent: {}
[54.003790] (robot_interfaces) StdoutLine: {'line': b'[ 88%] Built target robot_interfaces_s__rosidl_typesupport_fastrtps_c\n'}
[54.069181] (-) TimerEvent: {}
[54.150592] (robot_interfaces) StdoutLine: {'line': b'[ 91%] \x1b[32mBuilding C object CMakeFiles/robot_interfaces_s__rosidl_typesupport_c.dir/rosidl_generator_py/robot_interfaces/_robot_interfaces_s.ep.rosidl_typesupport_c.c.o\x1b[0m\n'}
[54.169380] (-) TimerEvent: {}
[54.270033] (-) TimerEvent: {}
[54.370736] (-) TimerEvent: {}
[54.471400] (-) TimerEvent: {}
[54.572033] (-) TimerEvent: {}
[54.651486] (robot_interfaces) StdoutLine: {'line': b'[ 94%] \x1b[32m\x1b[1mLinking C shared module rosidl_generator_py/robot_interfaces/robot_interfaces_s__rosidl_typesupport_c.so\x1b[0m\n'}
[54.672283] (-) TimerEvent: {}
[54.772926] (-) TimerEvent: {}
[54.848846] (robot_interfaces) StdoutLine: {'line': b'[ 94%] Built target robot_interfaces_s__rosidl_typesupport_c\n'}
[54.873140] (-) TimerEvent: {}
[54.976409] (-) TimerEvent: {}
[55.011644] (robot_interfaces) StdoutLine: {'line': b'[ 97%] \x1b[32mBuilding C object CMakeFiles/robot_interfaces_s__rosidl_typesupport_introspection_c.dir/rosidl_generator_py/robot_interfaces/_robot_interfaces_s.ep.rosidl_typesupport_introspection_c.c.o\x1b[0m\n'}
[55.076696] (-) TimerEvent: {}
[55.177428] (-) TimerEvent: {}
[55.278169] (-) TimerEvent: {}
[55.379058] (-) TimerEvent: {}
[55.479871] (-) TimerEvent: {}
[55.578829] (robot_interfaces) StdoutLine: {'line': b'[100%] \x1b[32m\x1b[1mLinking C shared module rosidl_generator_py/robot_interfaces/robot_interfaces_s__rosidl_typesupport_introspection_c.so\x1b[0m\n'}
[55.580002] (-) TimerEvent: {}
[55.680670] (-) TimerEvent: {}
[55.781407] (-) TimerEvent: {}
[55.788012] (robot_interfaces) StdoutLine: {'line': b'[100%] Built target robot_interfaces_s__rosidl_typesupport_introspection_c\n'}
[55.867564] (robot_interfaces) CommandEnded: {'returncode': 0}
[55.870507] (robot_interfaces) JobProgress: {'identifier': 'robot_interfaces', 'progress': 'install'}
[55.881614] (-) TimerEvent: {}
[55.931606] (robot_interfaces) Command: {'cmd': ['/usr/bin/cmake', '--install', '/home/mandy/Delivery-Bot/build/robot_interfaces'], 'cwd': '/home/mandy/Delivery-Bot/build/robot_interfaces', 'env': OrderedDict({'LESSOPEN': '| /usr/bin/lesspipe %s', 'USER': 'mandy', 'GZ_CONFIG_PATH': '/opt/ros/jazzy/opt/gz_sim_vendor/share/gz:/opt/ros/jazzy/opt/sdformat_vendor/share/gz:/opt/ros/jazzy/opt/gz_gui_vendor/share/gz:/opt/ros/jazzy/opt/gz_transport_vendor/share/gz:/opt/ros/jazzy/opt/gz_rendering_vendor/share/gz:/opt/ros/jazzy/opt/gz_plugin_vendor/share/gz:/opt/ros/jazzy/opt/gz_fuel_tools_vendor/share/gz:/opt/ros/jazzy/opt/gz_msgs_vendor/share/gz:/opt/ros/jazzy/opt/gz_common_vendor/share/gz', 'XDG_SESSION_TYPE': 'wayland', 'CLUTTER_DISABLE_MIPMAPPED_TEXT': '1', 'SHLVL': '1', 'LD_LIBRARY_PATH': '/home/mandy/Delivery-Bot/install/robot_interfaces/lib:/opt/ros/jazzy/opt/gz_sim_vendor/lib:/opt/ros/jazzy/opt/gz_sensors_vendor/lib:/opt/ros/jazzy/opt/gz_physics_vendor/lib:/opt/ros/jazzy/opt/sdformat_vendor/lib:/opt/ros/jazzy/opt/rviz_ogre_vendor/lib:/opt/ros/jazzy/lib/aarch64-linux-gnu:/opt/ros/jazzy/opt/gz_gui_vendor/lib:/opt/ros/jazzy/opt/gz_transport_vendor/lib:/opt/ros/jazzy/opt/gz_rendering_vendor/lib:/opt/ros/jazzy/opt/gz_plugin_vendor/lib:/opt/ros/jazzy/opt/gz_fuel_tools_vendor/lib:/opt/ros/jazzy/opt/gz_msgs_vendor/lib:/opt/ros/jazzy/opt/gz_common_vendor/lib:/opt/ros/jazzy/opt/gz_math_vendor/lib:/opt/ros/jazzy/opt/gz_utils_vendor/lib:/opt/ros/jazzy/opt/gz_tools_vendor/lib:/opt/ros/jazzy/opt/gz_ogre_next_vendor/lib:/opt/ros/jazzy/opt/gz_dartsim_vendor/lib:/opt/ros/jazzy/opt/gz_cmake_vendor/lib:/opt/ros/jazzy/lib', 'HOME': '/home/mandy', 'OLDPWD': '/home/mandy', 'DESKTOP_SESSION': 'ubuntu', 'ROS_PYTHON_VERSION': '3', 'GNOME_SHELL_SESSION_MODE': 'ubuntu', 'GTK_MODULES': 'gail:atk-bridge', 'SYSTEMD_EXEC_PID': '2289', 'GSM_SKIP_SSH_AGENT_WORKAROUND': 'true', 'DBUS_SESSION_BUS_ADDRESS': 'unix:path=/run/user/1000/bus', 'COLORTERM': 'truecolor', 'DEBUGINFOD_URLS': 'https://debuginfod.ubuntu.com', 'IM_CONFIG_PHASE': '1', 'WAYLAND_DISPLAY': 'wayland-0', 'COLCON_PREFIX_PATH': '/home/mandy/Delivery-Bot/install', 'ROS_DISTRO': 'jazzy', 'LOGNAME': 'mandy', '_': '/usr/bin/colcon', 'ROS_VERSION': '2', 'MEMORY_PRESSURE_WATCH': '/sys/fs/cgroup/user.slice/user-1000.slice/user@1000.service/session.slice/org.gnome.Shell@wayland.service/memory.pressure', 'XDG_SESSION_CLASS': 'user', 'USERNAME': 'mandy', 'TERM': 'xterm-256color', 'GNOME_DESKTOP_SESSION_ID': 'this-is-deprecated', 'PATH': '/opt/ros/jazzy/opt/gz_msgs_vendor/bin:/opt/ros/jazzy/opt/gz_tools_vendor/bin:/opt/ros/jazzy/opt/gz_ogre_next_vendor/bin:/opt/ros/jazzy/bin:/usr/local/sbin:/usr/local/bin:/usr/sbin:/usr/bin:/sbin:/bin:/usr/games:/usr/local/games:/snap/bin:/snap/bin', 'SESSION_MANAGER': 'local/mandy-desktop:@/tmp/.ICE-unix/2260,unix/mandy-desktop:/tmp/.ICE-unix/2260', 'XDG_MENU_PREFIX': 'gnome-', 'GNOME_TERMINAL_SCREEN': '/org/gnome/Terminal/screen/64b34eac_2ff3_4b2e_aef2_cdd13df9d21d', 'GNOME_SETUP_DISPLAY': ':1', 'XDG_RUNTIME_DIR': '/run/user/1000', 'DISPLAY': ':0', 'LANG': 'en_US.UTF-8', 'XDG_CURRENT_DESKTOP': 'ubuntu:GNOME', 'XMODIFIERS': '@im=ibus', 'XDG_SESSION_DESKTOP': 'ubuntu', 'XAUTHORITY': '/run/user/1000/.mutter-Xwaylandauth.XUOVS3', 'LS_COLORS': 'rs=0:di=01;34:ln=01;36:mh=00:pi=40;33:so=01;35:do=01;35:bd=40;33;01:cd=40;33;01:or=40;31;01:mi=00:su=37;41:sg=30;43:ca=00:tw=30;42:ow=34;42:st=37;44:ex=01;32:*.tar=01;31:*.tgz=01;31:*.arc=01;31:*.arj=01;31:*.taz=01;31:*.lha=01;31:*.lz4=01;31:*.lzh=01;31:*.lzma=01;31:*.tlz=01;31:*.txz=01;31:*.tzo=01;31:*.t7z=01;31:*.zip=01;31:*.z=01;31:*.dz=01;31:*.gz=01;31:*.lrz=01;31:*.lz=01;31:*.lzo=01;31:*.xz=01;31:*.zst=01;31:*.tzst=01;31:*.bz2=01;31:*.bz=01;31:*.tbz=01;31:*.tbz2=01;31:*.tz=01;31:*.deb=01;31:*.rpm=01;31:*.jar=01;31:*.war=01;31:*.ear=01;31:*.sar=01;31:*.rar=01;31:*.alz=01;31:*.ace=01;31:*.zoo=01;31:*.cpio=01;31:*.7z=01;31:*.rz=01;31:*.cab=01;31:*.wim=01;31:*.swm=01;31:*.dwm=01;31:*.esd=01;31:*.avif=01;35:*.jpg=01;35:*.jpeg=01;35:*.mjpg=01;35:*.mjpeg=01;35:*.gif=01;35:*.bmp=01;35:*.pbm=01;35:*.pgm=01;35:*.ppm=01;35:*.tga=01;35:*.xbm=01;35:*.xpm=01;35:*.tif=01;35:*.tiff=01;35:*.png=01;35:*.svg=01;35:*.svgz=01;35:*.mng=01;35:*.pcx=01;35:*.mov=01;35:*.mpg=01;35:*.mpeg=01;35:*.m2v=01;35:*.mkv=01;35:*.webm=01;35:*.webp=01;35:*.ogm=01;35:*.mp4=01;35:*.m4v=01;35:*.mp4v=01;35:*.vob=01;35:*.qt=01;35:*.nuv=01;35:*.wmv=01;35:*.asf=01;35:*.rm=01;35:*.rmvb=01;35:*.flc=01;35:*.avi=01;35:*.fli=01;35:*.flv=01;35:*.gl=01;35:*.dl=01;35:*.xcf=01;35:*.xwd=01;35:*.yuv=01;35:*.cgm=01;35:*.emf=01;35:*.ogv=01;35:*.ogx=01;35:*.aac=00;36:*.au=00;36:*.flac=00;36:*.m4a=00;36:*.mid=00;36:*.midi=00;36:*.mka=00;36:*.mp3=00;36:*.mpc=00;36:*.ogg=00;36:*.ra=00;36:*.wav=00;36:*.oga=00;36:*.opus=00;36:*.spx=00;36:*.xspf=00;36:*~=00;90:*#=00;90:*.bak=00;90:*.crdownload=00;90:*.dpkg-dist=00;90:*.dpkg-new=00;90:*.dpkg-old=00;90:*.dpkg-tmp=00;90:*.old=00;90:*.orig=00;90:*.part=00;90:*.rej=00;90:*.rpmnew=00;90:*.rpmorig=00;90:*.rpmsave=00;90:*.swp=00;90:*.tmp=00;90:*.ucf-dist=00;90:*.ucf-new=00;90:*.ucf-old=00;90:', 'GNOME_TERMINAL_SERVICE': ':1.102', 'SSH_AUTH_SOCK': '/run/user/1000/keyring/ssh', 'AMENT_PREFIX_PATH': '/home/mandy/Delivery-Bot/install/robot_bringup:/home/mandy/Delivery-Bot/install/robot_vision:/home/mandy/Delivery-Bot/install/robot_navigation:/home/mandy/Delivery-Bot/install/robot_control:/home/mandy/Delivery-Bot/install/robot_interfaces:/home/mandy/Delivery-Bot/install/robot_description:/opt/ros/jazzy', 'SHELL': '/bin/bash', 'QT_ACCESSIBILITY': '1', 'GDMSESSION': 'ubuntu', 'LESSCLOSE': '/usr/bin/lesspipe %s %s', 'ROS_AUTOMATIC_DISCOVERY_RANGE': 'SUBNET', 'QT_IM_MODULE': 'ibus', 'PWD': '/home/mandy/Delivery-Bot/build/robot_interfaces', 'LC_ALL': 'en_US.UTF-8', 'XDG_CONFIG_DIRS': '/etc/xdg/xdg-ubuntu:/etc/xdg', 'XDG_DATA_DIRS': '/usr/share/ubuntu:/usr/share/gnome:/usr/local/share/:/usr/share/:/var/lib/snapd/desktop', 'PYTHONPATH': '/home/mandy/Delivery-Bot/build/robot_bringup:/home/mandy/Delivery-Bot/install/robot_bringup/lib/python3.12/site-packages:/home/mandy/Delivery-Bot/build/robot_vision:/home/mandy/Delivery-Bot/install/robot_vision/lib/python3.12/site-packages:/home/mandy/Delivery-Bot/build/robot_navigation:/home/mandy/Delivery-Bot/install/robot_navigation/lib/python3.12/site-packages:/home/mandy/Delivery-Bot/build/robot_control:/home/mandy/Delivery-Bot/install/robot_control/lib/python3.12/site-packages:/home/mandy/Delivery-Bot/install/robot_interfaces/lib/python3.12/site-packages:/home/mandy/Delivery-Bot/build/robot_description:/home/mandy/Delivery-Bot/install/robot_description/lib/python3.12/site-packages:/opt/ros/jazzy/lib/python3.12/site-packages', 'COLCON': '1', 'MEMORY_PRESSURE_WRITE': 'c29tZSAyMDAwMDAgMjAwMDAwMAA=', 'VTE_VERSION': '7600', 'CMAKE_PREFIX_PATH': '/home/mandy/Delivery-Bot/install/robot_interfaces:/opt/ros/jazzy/opt/gz_sim_vendor:/opt/ros/jazzy/opt/gz_sensors_vendor:/opt/ros/jazzy/opt/gz_physics_vendor:/opt/ros/jazzy/opt/sdformat_vendor:/opt/ros/jazzy/opt/gz_gui_vendor:/opt/ros/jazzy/opt/gz_transport_vendor:/opt/ros/jazzy/opt/gz_rendering_vendor:/opt/ros/jazzy/opt/gz_plugin_vendor:/opt/ros/jazzy/opt/gz_fuel_tools_vendor:/opt/ros/jazzy/opt/gz_msgs_vendor:/opt/ros/jazzy/opt/gz_common_vendor:/opt/ros/jazzy/opt/gz_math_vendor:/opt/ros/jazzy/opt/gz_utils_vendor:/opt/ros/jazzy/opt/gz_tools_vendor:/opt/ros/jazzy/opt/gz_ogre_next_vendor:/opt/ros/jazzy/opt/gz_dartsim_vendor:/opt/ros/jazzy/opt/gz_cmake_vendor:/home/mandy/Delivery-Bot/install/robot_bringup:/home/mandy/Delivery-Bot/install/robot_vision:/home/mandy/Delivery-Bot/install/robot_navigation:/home/mandy/Delivery-Bot/install/robot_control:/home/mandy/Delivery-Bot/install/robot_description:/opt/ros/jazzy'}), 'shell': False}
[55.981804] (-) TimerEvent: {}
[55.990403] (robot_interfaces) StdoutLine: {'line': b'-- Install configuration: ""\n'}
[55.993073] (robot_interfaces) StdoutLine: {'line': b'-- Execute custom install script\n'}
[55.994939] (robot_interfaces) StdoutLine: {'line': b'-- Symlinking: /home/mandy/Delivery-Bot/install/robot_interfaces/share/ament_index/resource_index/rosidl_interfaces/robot_interfaces\n'}
[56.053668] (robot_interfaces) StdoutLine: {'line': b'-- Symlinking: /home/mandy/Delivery-Bot/install/robot_interfaces/share/robot_interfaces/msg/EncoderSpeed.json\n'}
[56.081988] (-) TimerEvent: {}
[56.121640] (robot_interfaces) StdoutLine: {'line': b'-- Symlinking: /home/mandy/Delivery-Bot/install/robot_interfaces/include/robot_interfaces/robot_interfaces/msg/detail/encoder_speed__functions.h\n'}
[56.179415] (robot_interfaces) StdoutLine: {'line': b'-- Symlinking: /home/mandy/Delivery-Bot/install/robot_interfaces/include/robot_interfaces/robot_interfaces/msg/detail/encoder_speed__struct.h\n'}
[56.182133] (-) TimerEvent: {}
[56.241866] (robot_interfaces) StdoutLine: {'line': b'-- Symlinking: /home/mandy/Delivery-Bot/install/robot_interfaces/include/robot_interfaces/robot_interfaces/msg/detail/encoder_speed__type_support.h\n'}
[56.282396] (-) TimerEvent: {}
[56.305285] (robot_interfaces) StdoutLine: {'line': b'-- Symlinking: /home/mandy/Delivery-Bot/install/robot_interfaces/include/robot_interfaces/robot_interfaces/msg/encoder_speed.h\n'}
[56.363225] (robot_interfaces) StdoutLine: {'line': b'-- Symlinking: /home/mandy/Delivery-Bot/install/robot_interfaces/include/robot_interfaces/robot_interfaces/msg/rosidl_generator_c__visibility_control.h\n'}
[56.382578] (-) TimerEvent: {}
[56.427838] (robot_interfaces) StdoutLine: {'line': b'-- Symlinking: /home/mandy/Delivery-Bot/install/robot_interfaces/share/robot_interfaces/environment/library_path.sh\n'}
[56.482769] (-) TimerEvent: {}
[56.489755] (robot_interfaces) StdoutLine: {'line': b'-- Symlinking: /home/mandy/Delivery-Bot/install/robot_interfaces/share/robot_interfaces/environment/library_path.dsv\n'}
[56.551952] (robot_interfaces) StdoutLine: {'line': b'-- Symlinking: /home/mandy/Delivery-Bot/install/robot_interfaces/include/robot_interfaces/robot_interfaces/msg/detail/encoder_speed__rosidl_typesupport_fastrtps_c.h\n'}
[56.582961] (-) TimerEvent: {}
[56.614388] (robot_interfaces) StdoutLine: {'line': b'-- Symlinking: /home/mandy/Delivery-Bot/install/robot_interfaces/include/robot_interfaces/robot_interfaces/msg/rosidl_typesupport_fastrtps_c__visibility_control.h\n'}
[56.674534] (robot_interfaces) StdoutLine: {'line': b'-- Symlinking: /home/mandy/Delivery-Bot/install/robot_interfaces/include/robot_interfaces/robot_interfaces/msg/detail/encoder_speed__rosidl_typesupport_introspection_c.h\n'}
[56.683159] (-) TimerEvent: {}
[56.738106] (robot_interfaces) StdoutLine: {'line': b'-- Symlinking: /home/mandy/Delivery-Bot/install/robot_interfaces/include/robot_interfaces/robot_interfaces/msg/rosidl_typesupport_introspection_c__visibility_control.h\n'}
[56.783420] (-) TimerEvent: {}
[56.803128] (robot_interfaces) StdoutLine: {'line': b'-- Symlinking: /home/mandy/Delivery-Bot/install/robot_interfaces/include/robot_interfaces/robot_interfaces/msg/detail/encoder_speed__builder.hpp\n'}
[56.863713] (robot_interfaces) StdoutLine: {'line': b'-- Symlinking: /home/mandy/Delivery-Bot/install/robot_interfaces/include/robot_interfaces/robot_interfaces/msg/detail/encoder_speed__struct.hpp\n'}
[56.883625] (-) TimerEvent: {}
[56.926474] (robot_interfaces) StdoutLine: {'line': b'-- Symlinking: /home/mandy/Delivery-Bot/install/robot_interfaces/include/robot_interfaces/robot_interfaces/msg/detail/encoder_speed__traits.hpp\n'}
[56.983808] (-) TimerEvent: {}
[56.985285] (robot_interfaces) StdoutLine: {'line': b'-- Symlinking: /home/mandy/Delivery-Bot/install/robot_interfaces/include/robot_interfaces/robot_interfaces/msg/detail/encoder_speed__type_support.hpp\n'}
[57.045780] (robot_interfaces) StdoutLine: {'line': b'-- Symlinking: /home/mandy/Delivery-Bot/install/robot_interfaces/include/robot_interfaces/robot_interfaces/msg/encoder_speed.hpp\n'}
[57.083989] (-) TimerEvent: {}
[57.108348] (robot_interfaces) StdoutLine: {'line': b'-- Symlinking: /home/mandy/Delivery-Bot/install/robot_interfaces/include/robot_interfaces/robot_interfaces/msg/rosidl_generator_cpp__visibility_control.hpp\n'}
[57.170504] (robot_interfaces) StdoutLine: {'line': b'-- Symlinking: /home/mandy/Delivery-Bot/install/robot_interfaces/include/robot_interfaces/robot_interfaces/msg/detail/encoder_speed__rosidl_typesupport_fastrtps_cpp.hpp\n'}
[57.184199] (-) TimerEvent: {}
[57.233500] (robot_interfaces) StdoutLine: {'line': b'-- Symlinking: /home/mandy/Delivery-Bot/install/robot_interfaces/include/robot_interfaces/robot_interfaces/msg/rosidl_typesupport_fastrtps_cpp__visibility_control.h\n'}
[57.284399] (-) TimerEvent: {}
[57.297094] (robot_interfaces) StdoutLine: {'line': b'-- Symlinking: /home/mandy/Delivery-Bot/install/robot_interfaces/include/robot_interfaces/robot_interfaces/msg/detail/encoder_speed__rosidl_typesupport_introspection_cpp.hpp\n'}
[57.357750] (robot_interfaces) StdoutLine: {'line': b'-- Symlinking: /home/mandy/Delivery-Bot/install/robot_interfaces/share/robot_interfaces/environment/pythonpath.sh\n'}
[57.384579] (-) TimerEvent: {}
[57.420998] (robot_interfaces) StdoutLine: {'line': b'-- Symlinking: /home/mandy/Delivery-Bot/install/robot_interfaces/share/robot_interfaces/environment/pythonpath.dsv\n'}
[57.481348] (robot_interfaces) StdoutLine: {'line': b'-- Symlinking: /home/mandy/Delivery-Bot/install/robot_interfaces/lib/python3.12/site-packages/robot_interfaces-0.0.0-py3.12.egg-info/PKG-INFO\n'}
[57.484764] (-) TimerEvent: {}
[57.544488] (robot_interfaces) StdoutLine: {'line': b'-- Symlinking: /home/mandy/Delivery-Bot/install/robot_interfaces/lib/python3.12/site-packages/robot_interfaces-0.0.0-py3.12.egg-info/SOURCES.txt\n'}
[57.585020] (-) TimerEvent: {}
[57.607514] (robot_interfaces) StdoutLine: {'line': b'-- Symlinking: /home/mandy/Delivery-Bot/install/robot_interfaces/lib/python3.12/site-packages/robot_interfaces-0.0.0-py3.12.egg-info/dependency_links.txt\n'}
[57.666893] (robot_interfaces) StdoutLine: {'line': b'-- Symlinking: /home/mandy/Delivery-Bot/install/robot_interfaces/lib/python3.12/site-packages/robot_interfaces-0.0.0-py3.12.egg-info/top_level.txt\n'}
[57.685202] (-) TimerEvent: {}
[57.734424] (robot_interfaces) StdoutLine: {'line': b'-- Symlinking: /home/mandy/Delivery-Bot/install/robot_interfaces/lib/python3.12/site-packages/robot_interfaces/__init__.py\n'}
[57.785406] (-) TimerEvent: {}
[57.797230] (robot_interfaces) StdoutLine: {'line': b'-- Symlinking: /home/mandy/Delivery-Bot/install/robot_interfaces/lib/python3.12/site-packages/robot_interfaces/_robot_interfaces_s.ep.rosidl_typesupport_c.c\n'}
[57.856745] (robot_interfaces) StdoutLine: {'line': b'-- Symlinking: /home/mandy/Delivery-Bot/install/robot_interfaces/lib/python3.12/site-packages/robot_interfaces/_robot_interfaces_s.ep.rosidl_typesupport_fastrtps_c.c\n'}
[57.885575] (-) TimerEvent: {}
[57.922183] (robot_interfaces) StdoutLine: {'line': b'-- Symlinking: /home/mandy/Delivery-Bot/install/robot_interfaces/lib/python3.12/site-packages/robot_interfaces/_robot_interfaces_s.ep.rosidl_typesupport_introspection_c.c\n'}
[57.982484] (robot_interfaces) StdoutLine: {'line': b'-- Symlinking: /home/mandy/Delivery-Bot/install/robot_interfaces/lib/python3.12/site-packages/robot_interfaces/msg/__init__.py\n'}
[57.985749] (-) TimerEvent: {}
[58.045506] (robot_interfaces) StdoutLine: {'line': b'-- Symlinking: /home/mandy/Delivery-Bot/install/robot_interfaces/lib/python3.12/site-packages/robot_interfaces/msg/_encoder_speed.py\n'}
[58.085935] (-) TimerEvent: {}
[58.109707] (robot_interfaces) StdoutLine: {'line': b'-- Symlinking: /home/mandy/Delivery-Bot/install/robot_interfaces/lib/python3.12/site-packages/robot_interfaces/msg/_encoder_speed_s.c\n'}
[58.169388] (robot_interfaces) StdoutLine: {'line': b'-- Symlinking: /home/mandy/Delivery-Bot/install/robot_interfaces/lib/python3.12/site-packages/robot_interfaces/robot_interfaces_s__rosidl_typesupport_c.so\n'}
[58.186128] (-) TimerEvent: {}
[58.233730] (robot_interfaces) StdoutLine: {'line': b'-- Symlinking: /home/mandy/Delivery-Bot/install/robot_interfaces/lib/python3.12/site-packages/robot_interfaces/robot_interfaces_s__rosidl_typesupport_fastrtps_c.so\n'}
[58.286347] (-) TimerEvent: {}
[58.296416] (robot_interfaces) StdoutLine: {'line': b'-- Symlinking: /home/mandy/Delivery-Bot/install/robot_interfaces/lib/python3.12/site-packages/robot_interfaces/robot_interfaces_s__rosidl_typesupport_introspection_c.so\n'}
[58.356242] (robot_interfaces) StdoutLine: {'line': b'-- Up-to-date symlink: /home/mandy/Delivery-Bot/install/robot_interfaces/lib/python3.12/site-packages/robot_interfaces/robot_interfaces_s__rosidl_typesupport_fastrtps_c.so\n'}
[58.357826] (robot_interfaces) StdoutLine: {'line': b'-- Up-to-date symlink: /home/mandy/Delivery-Bot/install/robot_interfaces/lib/python3.12/site-packages/robot_interfaces/robot_interfaces_s__rosidl_typesupport_introspection_c.so\n'}
[58.359610] (robot_interfaces) StdoutLine: {'line': b'-- Up-to-date symlink: /home/mandy/Delivery-Bot/install/robot_interfaces/lib/python3.12/site-packages/robot_interfaces/robot_interfaces_s__rosidl_typesupport_c.so\n'}
[58.360958] (robot_interfaces) StdoutLine: {'line': b'-- Symlinking: /home/mandy/Delivery-Bot/install/robot_interfaces/share/ament_index/resource_index/rust_packages/robot_interfaces\n'}
[58.386528] (-) TimerEvent: {}
[58.426324] (robot_interfaces) StdoutLine: {'line': b'-- Symlinking: /home/mandy/Delivery-Bot/install/robot_interfaces/share/robot_interfaces/rust/Cargo.toml\n'}
[58.486720] (-) TimerEvent: {}
[58.488715] (robot_interfaces) StdoutLine: {'line': b'-- Symlinking: /home/mandy/Delivery-Bot/install/robot_interfaces/share/robot_interfaces/rust/build.rs\n'}
[58.550309] (robot_interfaces) StdoutLine: {'line': b'-- Symlinking: /home/mandy/Delivery-Bot/install/robot_interfaces/share/robot_interfaces/rust/src/lib.rs\n'}
[58.586896] (-) TimerEvent: {}
[58.613293] (robot_interfaces) StdoutLine: {'line': b'-- Symlinking: /home/mandy/Delivery-Bot/install/robot_interfaces/share/robot_interfaces/rust/src/msg.rs\n'}
[58.673149] (robot_interfaces) StdoutLine: {'line': b'-- Symlinking: /home/mandy/Delivery-Bot/install/robot_interfaces/share/robot_interfaces/rust/src/msg/rmw.rs\n'}
[58.687078] (-) TimerEvent: {}
[58.736887] (robot_interfaces) StdoutLine: {'line': b'-- Symlinking: /home/mandy/Delivery-Bot/install/robot_interfaces/share/robot_interfaces/msg/EncoderSpeed.idl\n'}
[58.787307] (-) TimerEvent: {}
[58.800269] (robot_interfaces) StdoutLine: {'line': b'-- Symlinking: /home/mandy/Delivery-Bot/install/robot_interfaces/share/robot_interfaces/msg/EncoderSpeed.msg\n'}
[58.861849] (robot_interfaces) StdoutLine: {'line': b'-- Symlinking: /home/mandy/Delivery-Bot/install/robot_interfaces/share/ament_index/resource_index/package_run_dependencies/robot_interfaces\n'}
[58.887443] (-) TimerEvent: {}
[58.926959] (robot_interfaces) StdoutLine: {'line': b'-- Symlinking: /home/mandy/Delivery-Bot/install/robot_interfaces/share/ament_index/resource_index/parent_prefix_path/robot_interfaces\n'}
[58.987645] (-) TimerEvent: {}
[58.988920] (robot_interfaces) StdoutLine: {'line': b'-- Symlinking: /home/mandy/Delivery-Bot/install/robot_interfaces/share/robot_interfaces/environment/ament_prefix_path.sh\n'}
[59.051327] (robot_interfaces) StdoutLine: {'line': b'-- Symlinking: /home/mandy/Delivery-Bot/install/robot_interfaces/share/robot_interfaces/environment/ament_prefix_path.dsv\n'}
[59.087829] (-) TimerEvent: {}
[59.115237] (robot_interfaces) StdoutLine: {'line': b'-- Symlinking: /home/mandy/Delivery-Bot/install/robot_interfaces/share/robot_interfaces/environment/path.sh\n'}
[59.174605] (robot_interfaces) StdoutLine: {'line': b'-- Symlinking: /home/mandy/Delivery-Bot/install/robot_interfaces/share/robot_interfaces/environment/path.dsv\n'}
[59.188050] (-) TimerEvent: {}
[59.240753] (robot_interfaces) StdoutLine: {'line': b'-- Symlinking: /home/mandy/Delivery-Bot/install/robot_interfaces/share/robot_interfaces/local_setup.bash\n'}
[59.288241] (-) TimerEvent: {}
[59.304718] (robot_interfaces) StdoutLine: {'line': b'-- Symlinking: /home/mandy/Delivery-Bot/install/robot_interfaces/share/robot_interfaces/local_setup.sh\n'}
[59.364943] (robot_interfaces) StdoutLine: {'line': b'-- Symlinking: /home/mandy/Delivery-Bot/install/robot_interfaces/share/robot_interfaces/local_setup.zsh\n'}
[59.388430] (-) TimerEvent: {}
[59.430204] (robot_interfaces) StdoutLine: {'line': b'-- Symlinking: /home/mandy/Delivery-Bot/install/robot_interfaces/share/robot_interfaces/local_setup.dsv\n'}
[59.488643] (-) TimerEvent: {}
[59.491108] (robot_interfaces) StdoutLine: {'line': b'-- Symlinking: /home/mandy/Delivery-Bot/install/robot_interfaces/share/robot_interfaces/package.dsv\n'}
[59.552711] (robot_interfaces) StdoutLine: {'line': b'-- Symlinking: /home/mandy/Delivery-Bot/install/robot_interfaces/share/ament_index/resource_index/packages/robot_interfaces\n'}
[59.588832] (-) TimerEvent: {}
[59.617507] (robot_interfaces) StdoutLine: {'line': b'-- Symlinking: /home/mandy/Delivery-Bot/install/robot_interfaces/share/robot_interfaces/cmake/rosidl_cmake-extras.cmake\n'}
[59.678402] (robot_interfaces) StdoutLine: {'line': b'-- Symlinking: /home/mandy/Delivery-Bot/install/robot_interfaces/share/robot_interfaces/cmake/ament_cmake_export_include_directories-extras.cmake\n'}
[59.689012] (-) TimerEvent: {}
[59.741999] (robot_interfaces) StdoutLine: {'line': b'-- Symlinking: /home/mandy/Delivery-Bot/install/robot_interfaces/share/robot_interfaces/cmake/ament_cmake_export_libraries-extras.cmake\n'}
[59.789217] (-) TimerEvent: {}
[59.806601] (robot_interfaces) StdoutLine: {'line': b'-- Symlinking: /home/mandy/Delivery-Bot/install/robot_interfaces/share/robot_interfaces/cmake/ament_cmake_export_targets-extras.cmake\n'}
[59.867550] (robot_interfaces) StdoutLine: {'line': b'-- Symlinking: /home/mandy/Delivery-Bot/install/robot_interfaces/share/robot_interfaces/cmake/rosidl_cmake_export_typesupport_targets-extras.cmake\n'}
[59.889466] (-) TimerEvent: {}
[59.932105] (robot_interfaces) StdoutLine: {'line': b'-- Symlinking: /home/mandy/Delivery-Bot/install/robot_interfaces/share/robot_interfaces/cmake/ament_cmake_export_dependencies-extras.cmake\n'}
[59.989711] (-) TimerEvent: {}
[59.992903] (robot_interfaces) StdoutLine: {'line': b'-- Symlinking: /home/mandy/Delivery-Bot/install/robot_interfaces/share/robot_interfaces/cmake/rosidl_cmake_export_typesupport_libraries-extras.cmake\n'}
[60.054277] (robot_interfaces) StdoutLine: {'line': b'-- Symlinking: /home/mandy/Delivery-Bot/install/robot_interfaces/share/robot_interfaces/cmake/rosidl_cmake_aggregate_target-extras.cmake\n'}
[60.089879] (-) TimerEvent: {}
[60.119232] (robot_interfaces) StdoutLine: {'line': b'-- Symlinking: /home/mandy/Delivery-Bot/install/robot_interfaces/share/robot_interfaces/cmake/robot_interfacesConfig.cmake\n'}
[60.179330] (robot_interfaces) StdoutLine: {'line': b'-- Symlinking: /home/mandy/Delivery-Bot/install/robot_interfaces/share/robot_interfaces/cmake/robot_interfacesConfig-version.cmake\n'}
[60.190063] (-) TimerEvent: {}
[60.242915] (robot_interfaces) StdoutLine: {'line': b'-- Symlinking: /home/mandy/Delivery-Bot/install/robot_interfaces/share/robot_interfaces/package.xml\n'}
[60.290318] (-) TimerEvent: {}
[60.309976] (robot_interfaces) StdoutLine: {'line': b'-- Installing: /home/mandy/Delivery-Bot/install/robot_interfaces/lib/librobot_interfaces__rosidl_generator_c.so\n'}
[60.313657] (robot_interfaces) StdoutLine: {'line': b'-- Set non-toolchain portion of runtime path of "/home/mandy/Delivery-Bot/install/robot_interfaces/lib/librobot_interfaces__rosidl_generator_c.so" to ""\n'}
[60.314414] (robot_interfaces) StdoutLine: {'line': b'-- Installing: /home/mandy/Delivery-Bot/install/robot_interfaces/lib/librobot_interfaces__rosidl_typesupport_fastrtps_c.so\n'}
[60.318032] (robot_interfaces) StdoutLine: {'line': b'-- Set non-toolchain portion of runtime path of "/home/mandy/Delivery-Bot/install/robot_interfaces/lib/librobot_interfaces__rosidl_typesupport_fastrtps_c.so" to ""\n'}
[60.318781] (robot_interfaces) StdoutLine: {'line': b'-- Installing: /home/mandy/Delivery-Bot/install/robot_interfaces/lib/librobot_interfaces__rosidl_typesupport_introspection_c.so\n'}
[60.322326] (robot_interfaces) StdoutLine: {'line': b'-- Set non-toolchain portion of runtime path of "/home/mandy/Delivery-Bot/install/robot_interfaces/lib/librobot_interfaces__rosidl_typesupport_introspection_c.so" to ""\n'}
[60.323049] (robot_interfaces) StdoutLine: {'line': b'-- Installing: /home/mandy/Delivery-Bot/install/robot_interfaces/lib/librobot_interfaces__rosidl_typesupport_c.so\n'}
[60.326090] (robot_interfaces) StdoutLine: {'line': b'-- Set non-toolchain portion of runtime path of "/home/mandy/Delivery-Bot/install/robot_interfaces/lib/librobot_interfaces__rosidl_typesupport_c.so" to ""\n'}
[60.326740] (robot_interfaces) StdoutLine: {'line': b'-- Installing: /home/mandy/Delivery-Bot/install/robot_interfaces/lib/librobot_interfaces__rosidl_typesupport_fastrtps_cpp.so\n'}
[60.330008] (robot_interfaces) StdoutLine: {'line': b'-- Set non-toolchain portion of runtime path of "/home/mandy/Delivery-Bot/install/robot_interfaces/lib/librobot_interfaces__rosidl_typesupport_fastrtps_cpp.so" to ""\n'}
[60.330676] (robot_interfaces) StdoutLine: {'line': b'-- Installing: /home/mandy/Delivery-Bot/install/robot_interfaces/lib/librobot_interfaces__rosidl_typesupport_introspection_cpp.so\n'}
[60.333744] (robot_interfaces) StdoutLine: {'line': b'-- Set non-toolchain portion of runtime path of "/home/mandy/Delivery-Bot/install/robot_interfaces/lib/librobot_interfaces__rosidl_typesupport_introspection_cpp.so" to ""\n'}
[60.334411] (robot_interfaces) StdoutLine: {'line': b'-- Installing: /home/mandy/Delivery-Bot/install/robot_interfaces/lib/librobot_interfaces__rosidl_typesupport_cpp.so\n'}
[60.337429] (robot_interfaces) StdoutLine: {'line': b'-- Set non-toolchain portion of runtime path of "/home/mandy/Delivery-Bot/install/robot_interfaces/lib/librobot_interfaces__rosidl_typesupport_cpp.so" to ""\n'}
[60.390422] (-) TimerEvent: {}
[60.490983] (-) TimerEvent: {}
[60.542611] (robot_interfaces) StdoutLine: {'line': b"Listing '/home/mandy/Delivery-Bot/install/robot_interfaces/lib/python3.12/site-packages/robot_interfaces'...\n"}
[60.543814] (robot_interfaces) StdoutLine: {'line': b"Compiling '/home/mandy/Delivery-Bot/install/robot_interfaces/lib/python3.12/site-packages/robot_interfaces/__init__.py'...\n"}
[60.544713] (robot_interfaces) StdoutLine: {'line': b"Listing '/home/mandy/Delivery-Bot/install/robot_interfaces/lib/python3.12/site-packages/robot_interfaces/msg'...\n"}
[60.545739] (robot_interfaces) StdoutLine: {'line': b"Compiling '/home/mandy/Delivery-Bot/install/robot_interfaces/lib/python3.12/site-packages/robot_interfaces/msg/__init__.py'...\n"}
[60.546667] (robot_interfaces) StdoutLine: {'line': b"Compiling '/home/mandy/Delivery-Bot/install/robot_interfaces/lib/python3.12/site-packages/robot_interfaces/msg/_encoder_speed.py'...\n"}
[60.573228] (robot_interfaces) StdoutLine: {'line': b'-- Installing: /home/mandy/Delivery-Bot/install/robot_interfaces/lib/librobot_interfaces__rosidl_generator_py.so\n'}
[60.576529] (robot_interfaces) StdoutLine: {'line': b'-- Set non-toolchain portion of runtime path of "/home/mandy/Delivery-Bot/install/robot_interfaces/lib/librobot_interfaces__rosidl_generator_py.so" to ""\n'}
[60.577304] (robot_interfaces) StdoutLine: {'line': b'-- Installing: /home/mandy/Delivery-Bot/install/robot_interfaces/share/robot_interfaces/cmake/export_robot_interfaces__rosidl_generator_cExport.cmake\n'}
[60.578693] (robot_interfaces) StdoutLine: {'line': b'-- Installing: /home/mandy/Delivery-Bot/install/robot_interfaces/share/robot_interfaces/cmake/export_robot_interfaces__rosidl_generator_cExport-noconfig.cmake\n'}
[60.580150] (robot_interfaces) StdoutLine: {'line': b'-- Installing: /home/mandy/Delivery-Bot/install/robot_interfaces/share/robot_interfaces/cmake/export_robot_interfaces__rosidl_typesupport_fastrtps_cExport.cmake\n'}
[60.582002] (robot_interfaces) StdoutLine: {'line': b'-- Installing: /home/mandy/Delivery-Bot/install/robot_interfaces/share/robot_interfaces/cmake/export_robot_interfaces__rosidl_typesupport_fastrtps_cExport-noconfig.cmake\n'}
[60.583937] (robot_interfaces) StdoutLine: {'line': b'-- Installing: /home/mandy/Delivery-Bot/install/robot_interfaces/share/robot_interfaces/cmake/robot_interfaces__rosidl_typesupport_introspection_cExport.cmake\n'}
[60.585825] (robot_interfaces) StdoutLine: {'line': b'-- Installing: /home/mandy/Delivery-Bot/install/robot_interfaces/share/robot_interfaces/cmake/robot_interfaces__rosidl_typesupport_introspection_cExport-noconfig.cmake\n'}
[60.587684] (robot_interfaces) StdoutLine: {'line': b'-- Installing: /home/mandy/Delivery-Bot/install/robot_interfaces/share/robot_interfaces/cmake/robot_interfaces__rosidl_typesupport_cExport.cmake\n'}
[60.589443] (robot_interfaces) StdoutLine: {'line': b'-- Installing: /home/mandy/Delivery-Bot/install/robot_interfaces/share/robot_interfaces/cmake/robot_interfaces__rosidl_typesupport_cExport-noconfig.cmake\n'}
[60.591125] (-) TimerEvent: {}
[60.591633] (robot_interfaces) StdoutLine: {'line': b'-- Installing: /home/mandy/Delivery-Bot/install/robot_interfaces/share/robot_interfaces/cmake/export_robot_interfaces__rosidl_generator_cppExport.cmake\n'}
[60.593331] (robot_interfaces) StdoutLine: {'line': b'-- Installing: /home/mandy/Delivery-Bot/install/robot_interfaces/share/robot_interfaces/cmake/export_robot_interfaces__rosidl_typesupport_fastrtps_cppExport.cmake\n'}
[60.595025] (robot_interfaces) StdoutLine: {'line': b'-- Installing: /home/mandy/Delivery-Bot/install/robot_interfaces/share/robot_interfaces/cmake/export_robot_interfaces__rosidl_typesupport_fastrtps_cppExport-noconfig.cmake\n'}
[60.597034] (robot_interfaces) StdoutLine: {'line': b'-- Installing: /home/mandy/Delivery-Bot/install/robot_interfaces/share/robot_interfaces/cmake/robot_interfaces__rosidl_typesupport_introspection_cppExport.cmake\n'}
[60.600200] (robot_interfaces) StdoutLine: {'line': b'-- Installing: /home/mandy/Delivery-Bot/install/robot_interfaces/share/robot_interfaces/cmake/robot_interfaces__rosidl_typesupport_introspection_cppExport-noconfig.cmake\n'}
[60.602638] (robot_interfaces) StdoutLine: {'line': b'-- Installing: /home/mandy/Delivery-Bot/install/robot_interfaces/share/robot_interfaces/cmake/robot_interfaces__rosidl_typesupport_cppExport.cmake\n'}
[60.603882] (robot_interfaces) StdoutLine: {'line': b'-- Installing: /home/mandy/Delivery-Bot/install/robot_interfaces/share/robot_interfaces/cmake/robot_interfaces__rosidl_typesupport_cppExport-noconfig.cmake\n'}
[60.605378] (robot_interfaces) StdoutLine: {'line': b'-- Installing: /home/mandy/Delivery-Bot/install/robot_interfaces/share/robot_interfaces/cmake/export_robot_interfaces__rosidl_generator_pyExport.cmake\n'}
[60.606820] (robot_interfaces) StdoutLine: {'line': b'-- Installing: /home/mandy/Delivery-Bot/install/robot_interfaces/share/robot_interfaces/cmake/export_robot_interfaces__rosidl_generator_pyExport-noconfig.cmake\n'}
[60.615639] (robot_interfaces) CommandEnded: {'returncode': 0}
[60.690331] (robot_interfaces) JobEnded: {'identifier': 'robot_interfaces', 'rc': 0}
[60.694080] (-) TimerEvent: {}
[60.694510] (robot_control) JobStarted: {'identifier': 'robot_control'}
[60.794281] (-) TimerEvent: {}
[60.894854] (-) TimerEvent: {}
[60.995408] (-) TimerEvent: {}
[61.095979] (-) TimerEvent: {}
[61.196580] (-) TimerEvent: {}
[61.297139] (-) TimerEvent: {}
[61.397751] (-) TimerEvent: {}
[61.498331] (-) TimerEvent: {}
[61.598879] (-) TimerEvent: {}
[61.699535] (-) TimerEvent: {}
[61.800340] (-) TimerEvent: {}
[61.901108] (-) TimerEvent: {}
[62.001750] (-) TimerEvent: {}
[62.102431] (-) TimerEvent: {}
[62.203115] (-) TimerEvent: {}
[62.303883] (-) TimerEvent: {}
[62.404629] (-) TimerEvent: {}
[62.505374] (-) TimerEvent: {}
[62.606054] (-) TimerEvent: {}
[62.706666] (-) TimerEvent: {}
[62.807236] (-) TimerEvent: {}
[62.908772] (-) TimerEvent: {}
[63.009381] (-) TimerEvent: {}
[63.109955] (-) TimerEvent: {}
[63.210571] (-) TimerEvent: {}
[63.311148] (-) TimerEvent: {}
[63.411727] (-) TimerEvent: {}
[63.512300] (-) TimerEvent: {}
[63.612848] (-) TimerEvent: {}
[63.713525] (-) TimerEvent: {}
[63.814291] (-) TimerEvent: {}
[63.914850] (-) TimerEvent: {}
[64.015400] (-) TimerEvent: {}
[64.115941] (-) TimerEvent: {}
[64.216537] (-) TimerEvent: {}
[64.317083] (-) TimerEvent: {}
[64.417716] (-) TimerEvent: {}
[64.518291] (-) TimerEvent: {}
[64.618998] (-) TimerEvent: {}
[64.719802] (-) TimerEvent: {}
[64.820509] (-) TimerEvent: {}
[64.921672] (-) TimerEvent: {}
[65.022221] (-) TimerEvent: {}
[65.122880] (-) TimerEvent: {}
[65.223510] (-) TimerEvent: {}
[65.324081] (-) TimerEvent: {}
[65.424686] (-) TimerEvent: {}
[65.525243] (-) TimerEvent: {}
[65.625865] (-) TimerEvent: {}
[65.726471] (-) TimerEvent: {}
[65.827018] (-) TimerEvent: {}
[65.927656] (-) TimerEvent: {}
[66.028316] (-) TimerEvent: {}
[66.128864] (-) TimerEvent: {}
[66.229493] (-) TimerEvent: {}
[66.330057] (-) TimerEvent: {}
[66.430694] (-) TimerEvent: {}
[66.531357] (-) TimerEvent: {}
[66.632082] (-) TimerEvent: {}
[66.686476] (robot_control) Command: {'cmd': ['/usr/bin/python3', '-W', 'ignore:setup.py install is deprecated', '-W', 'ignore:easy_install command is deprecated', 'setup.py', 'develop', '--editable', '--build-directory', '/home/mandy/Delivery-Bot/build/robot_control/build', '--no-deps', 'symlink_data'], 'cwd': '/home/mandy/Delivery-Bot/build/robot_control', 'env': {'LESSOPEN': '| /usr/bin/lesspipe %s', 'USER': 'mandy', 'GZ_CONFIG_PATH': '/opt/ros/jazzy/opt/gz_sim_vendor/share/gz:/opt/ros/jazzy/opt/sdformat_vendor/share/gz:/opt/ros/jazzy/opt/gz_gui_vendor/share/gz:/opt/ros/jazzy/opt/gz_transport_vendor/share/gz:/opt/ros/jazzy/opt/gz_rendering_vendor/share/gz:/opt/ros/jazzy/opt/gz_plugin_vendor/share/gz:/opt/ros/jazzy/opt/gz_fuel_tools_vendor/share/gz:/opt/ros/jazzy/opt/gz_msgs_vendor/share/gz:/opt/ros/jazzy/opt/gz_common_vendor/share/gz', 'XDG_SESSION_TYPE': 'wayland', 'CLUTTER_DISABLE_MIPMAPPED_TEXT': '1', 'SHLVL': '1', 'LD_LIBRARY_PATH': '/home/mandy/Delivery-Bot/install/robot_interfaces/lib:/opt/ros/jazzy/opt/gz_sim_vendor/lib:/opt/ros/jazzy/opt/gz_sensors_vendor/lib:/opt/ros/jazzy/opt/gz_physics_vendor/lib:/opt/ros/jazzy/opt/sdformat_vendor/lib:/opt/ros/jazzy/opt/rviz_ogre_vendor/lib:/opt/ros/jazzy/lib/aarch64-linux-gnu:/opt/ros/jazzy/opt/gz_gui_vendor/lib:/opt/ros/jazzy/opt/gz_transport_vendor/lib:/opt/ros/jazzy/opt/gz_rendering_vendor/lib:/opt/ros/jazzy/opt/gz_plugin_vendor/lib:/opt/ros/jazzy/opt/gz_fuel_tools_vendor/lib:/opt/ros/jazzy/opt/gz_msgs_vendor/lib:/opt/ros/jazzy/opt/gz_common_vendor/lib:/opt/ros/jazzy/opt/gz_math_vendor/lib:/opt/ros/jazzy/opt/gz_utils_vendor/lib:/opt/ros/jazzy/opt/gz_tools_vendor/lib:/opt/ros/jazzy/opt/gz_ogre_next_vendor/lib:/opt/ros/jazzy/opt/gz_dartsim_vendor/lib:/opt/ros/jazzy/opt/gz_cmake_vendor/lib:/opt/ros/jazzy/lib', 'HOME': '/home/mandy', 'OLDPWD': '/home/mandy', 'DESKTOP_SESSION': 'ubuntu', 'ROS_PYTHON_VERSION': '3', 'GNOME_SHELL_SESSION_MODE': 'ubuntu', 'GTK_MODULES': 'gail:atk-bridge', 'SYSTEMD_EXEC_PID': '2289', 'GSM_SKIP_SSH_AGENT_WORKAROUND': 'true', 'DBUS_SESSION_BUS_ADDRESS': 'unix:path=/run/user/1000/bus', 'COLORTERM': 'truecolor', 'DEBUGINFOD_URLS': 'https://debuginfod.ubuntu.com', 'IM_CONFIG_PHASE': '1', 'WAYLAND_DISPLAY': 'wayland-0', 'COLCON_PREFIX_PATH': '/home/mandy/Delivery-Bot/install', 'ROS_DISTRO': 'jazzy', 'LOGNAME': 'mandy', '_': '/usr/bin/colcon', 'ROS_VERSION': '2', 'MEMORY_PRESSURE_WATCH': '/sys/fs/cgroup/user.slice/user-1000.slice/user@1000.service/session.slice/org.gnome.Shell@wayland.service/memory.pressure', 'XDG_SESSION_CLASS': 'user', 'USERNAME': 'mandy', 'TERM': 'xterm-256color', 'GNOME_DESKTOP_SESSION_ID': 'this-is-deprecated', 'PATH': '/opt/ros/jazzy/opt/gz_msgs_vendor/bin:/opt/ros/jazzy/opt/gz_tools_vendor/bin:/opt/ros/jazzy/opt/gz_ogre_next_vendor/bin:/opt/ros/jazzy/bin:/usr/local/sbin:/usr/local/bin:/usr/sbin:/usr/bin:/sbin:/bin:/usr/games:/usr/local/games:/snap/bin:/snap/bin', 'SESSION_MANAGER': 'local/mandy-desktop:@/tmp/.ICE-unix/2260,unix/mandy-desktop:/tmp/.ICE-unix/2260', 'XDG_MENU_PREFIX': 'gnome-', 'GNOME_TERMINAL_SCREEN': '/org/gnome/Terminal/screen/64b34eac_2ff3_4b2e_aef2_cdd13df9d21d', 'GNOME_SETUP_DISPLAY': ':1', 'XDG_RUNTIME_DIR': '/run/user/1000', 'DISPLAY': ':0', 'LANG': 'en_US.UTF-8', 'XDG_CURRENT_DESKTOP': 'ubuntu:GNOME', 'XMODIFIERS': '@im=ibus', 'XDG_SESSION_DESKTOP': 'ubuntu', 'XAUTHORITY': '/run/user/1000/.mutter-Xwaylandauth.XUOVS3', 'LS_COLORS': 'rs=0:di=01;34:ln=01;36:mh=00:pi=40;33:so=01;35:do=01;35:bd=40;33;01:cd=40;33;01:or=40;31;01:mi=00:su=37;41:sg=30;43:ca=00:tw=30;42:ow=34;42:st=37;44:ex=01;32:*.tar=01;31:*.tgz=01;31:*.arc=01;31:*.arj=01;31:*.taz=01;31:*.lha=01;31:*.lz4=01;31:*.lzh=01;31:*.lzma=01;31:*.tlz=01;31:*.txz=01;31:*.tzo=01;31:*.t7z=01;31:*.zip=01;31:*.z=01;31:*.dz=01;31:*.gz=01;31:*.lrz=01;31:*.lz=01;31:*.lzo=01;31:*.xz=01;31:*.zst=01;31:*.tzst=01;31:*.bz2=01;31:*.bz=01;31:*.tbz=01;31:*.tbz2=01;31:*.tz=01;31:*.deb=01;31:*.rpm=01;31:*.jar=01;31:*.war=01;31:*.ear=01;31:*.sar=01;31:*.rar=01;31:*.alz=01;31:*.ace=01;31:*.zoo=01;31:*.cpio=01;31:*.7z=01;31:*.rz=01;31:*.cab=01;31:*.wim=01;31:*.swm=01;31:*.dwm=01;31:*.esd=01;31:*.avif=01;35:*.jpg=01;35:*.jpeg=01;35:*.mjpg=01;35:*.mjpeg=01;35:*.gif=01;35:*.bmp=01;35:*.pbm=01;35:*.pgm=01;35:*.ppm=01;35:*.tga=01;35:*.xbm=01;35:*.xpm=01;35:*.tif=01;35:*.tiff=01;35:*.png=01;35:*.svg=01;35:*.svgz=01;35:*.mng=01;35:*.pcx=01;35:*.mov=01;35:*.mpg=01;35:*.mpeg=01;35:*.m2v=01;35:*.mkv=01;35:*.webm=01;35:*.webp=01;35:*.ogm=01;35:*.mp4=01;35:*.m4v=01;35:*.mp4v=01;35:*.vob=01;35:*.qt=01;35:*.nuv=01;35:*.wmv=01;35:*.asf=01;35:*.rm=01;35:*.rmvb=01;35:*.flc=01;35:*.avi=01;35:*.fli=01;35:*.flv=01;35:*.gl=01;35:*.dl=01;35:*.xcf=01;35:*.xwd=01;35:*.yuv=01;35:*.cgm=01;35:*.emf=01;35:*.ogv=01;35:*.ogx=01;35:*.aac=00;36:*.au=00;36:*.flac=00;36:*.m4a=00;36:*.mid=00;36:*.midi=00;36:*.mka=00;36:*.mp3=00;36:*.mpc=00;36:*.ogg=00;36:*.ra=00;36:*.wav=00;36:*.oga=00;36:*.opus=00;36:*.spx=00;36:*.xspf=00;36:*~=00;90:*#=00;90:*.bak=00;90:*.crdownload=00;90:*.dpkg-dist=00;90:*.dpkg-new=00;90:*.dpkg-old=00;90:*.dpkg-tmp=00;90:*.old=00;90:*.orig=00;90:*.part=00;90:*.rej=00;90:*.rpmnew=00;90:*.rpmorig=00;90:*.rpmsave=00;90:*.swp=00;90:*.tmp=00;90:*.ucf-dist=00;90:*.ucf-new=00;90:*.ucf-old=00;90:', 'GNOME_TERMINAL_SERVICE': ':1.102', 'SSH_AUTH_SOCK': '/run/user/1000/keyring/ssh', 'AMENT_PREFIX_PATH': '/home/mandy/Delivery-Bot/install/robot_bringup:/home/mandy/Delivery-Bot/install/robot_vision:/home/mandy/Delivery-Bot/install/robot_navigation:/home/mandy/Delivery-Bot/install/robot_control:/home/mandy/Delivery-Bot/install/robot_interfaces:/home/mandy/Delivery-Bot/install/robot_description:/opt/ros/jazzy', 'SHELL': '/bin/bash', 'QT_ACCESSIBILITY': '1', 'GDMSESSION': 'ubuntu', 'LESSCLOSE': '/usr/bin/lesspipe %s %s', 'ROS_AUTOMATIC_DISCOVERY_RANGE': 'SUBNET', 'QT_IM_MODULE': 'ibus', 'PWD': '/home/mandy/Delivery-Bot/build/robot_control', 'LC_ALL': 'en_US.UTF-8', 'XDG_CONFIG_DIRS': '/etc/xdg/xdg-ubuntu:/etc/xdg', 'XDG_DATA_DIRS': '/usr/share/ubuntu:/usr/share/gnome:/usr/local/share/:/usr/share/:/var/lib/snapd/desktop', 'PYTHONPATH': '/home/mandy/Delivery-Bot/build/robot_control/prefix_override:/usr/lib/python3/dist-packages/colcon_core/task/python/colcon_distutils_commands:/home/mandy/Delivery-Bot/install/robot_control/lib/python3.12/site-packages:/home/mandy/Delivery-Bot/install/robot_interfaces/lib/python3.12/site-packages:/home/mandy/Delivery-Bot/build/robot_bringup:/home/mandy/Delivery-Bot/install/robot_bringup/lib/python3.12/site-packages:/home/mandy/Delivery-Bot/build/robot_vision:/home/mandy/Delivery-Bot/install/robot_vision/lib/python3.12/site-packages:/home/mandy/Delivery-Bot/build/robot_navigation:/home/mandy/Delivery-Bot/install/robot_navigation/lib/python3.12/site-packages:/home/mandy/Delivery-Bot/build/robot_control:/home/mandy/Delivery-Bot/install/robot_control/lib/python3.12/site-packages:/home/mandy/Delivery-Bot/build/robot_description:/home/mandy/Delivery-Bot/install/robot_description/lib/python3.12/site-packages:/opt/ros/jazzy/lib/python3.12/site-packages', 'COLCON': '1', 'MEMORY_PRESSURE_WRITE': 'c29tZSAyMDAwMDAgMjAwMDAwMAA=', 'VTE_VERSION': '7600', 'CMAKE_PREFIX_PATH': '/home/mandy/Delivery-Bot/install/robot_interfaces:/opt/ros/jazzy/opt/gz_sim_vendor:/opt/ros/jazzy/opt/gz_sensors_vendor:/opt/ros/jazzy/opt/gz_physics_vendor:/opt/ros/jazzy/opt/sdformat_vendor:/opt/ros/jazzy/opt/gz_gui_vendor:/opt/ros/jazzy/opt/gz_transport_vendor:/opt/ros/jazzy/opt/gz_rendering_vendor:/opt/ros/jazzy/opt/gz_plugin_vendor:/opt/ros/jazzy/opt/gz_fuel_tools_vendor:/opt/ros/jazzy/opt/gz_msgs_vendor:/opt/ros/jazzy/opt/gz_common_vendor:/opt/ros/jazzy/opt/gz_math_vendor:/opt/ros/jazzy/opt/gz_utils_vendor:/opt/ros/jazzy/opt/gz_tools_vendor:/opt/ros/jazzy/opt/gz_ogre_next_vendor:/opt/ros/jazzy/opt/gz_dartsim_vendor:/opt/ros/jazzy/opt/gz_cmake_vendor'}, 'shell': False}
[66.732209] (-) TimerEvent: {}
[66.832806] (-) TimerEvent: {}
[66.933403] (-) TimerEvent: {}
[67.033958] (-) TimerEvent: {}
[67.134680] (-) TimerEvent: {}
[67.235749] (-) TimerEvent: {}
[67.336361] (-) TimerEvent: {}
[67.437003] (-) TimerEvent: {}
[67.537752] (-) TimerEvent: {}
[67.638384] (-) TimerEvent: {}
[67.739097] (-) TimerEvent: {}
[67.839745] (-) TimerEvent: {}
[67.940326] (-) TimerEvent: {}
[68.040969] (-) TimerEvent: {}
[68.141569] (-) TimerEvent: {}
[68.242106] (-) TimerEvent: {}
[68.342796] (-) TimerEvent: {}
[68.443423] (-) TimerEvent: {}
[68.499667] (robot_control) StdoutLine: {'line': b'running develop\n'}
[68.543580] (-) TimerEvent: {}
[68.644127] (-) TimerEvent: {}
[68.744727] (-) TimerEvent: {}
[68.845307] (-) TimerEvent: {}
[68.945841] (-) TimerEvent: {}
[69.046391] (-) TimerEvent: {}
[69.146925] (-) TimerEvent: {}
[69.247515] (-) TimerEvent: {}
[69.348077] (-) TimerEvent: {}
[69.448710] (-) TimerEvent: {}
[69.549305] (-) TimerEvent: {}
[69.573433] (robot_control) StdoutLine: {'line': b'running egg_info\n'}
[69.574152] (robot_control) StdoutLine: {'line': b'creating robot_control.egg-info\n'}
[69.649408] (-) TimerEvent: {}
[69.665568] (robot_control) StdoutLine: {'line': b'writing robot_control.egg-info/PKG-INFO\n'}
[69.666796] (robot_control) StdoutLine: {'line': b'writing dependency_links to robot_control.egg-info/dependency_links.txt\n'}
[69.667672] (robot_control) StdoutLine: {'line': b'writing entry points to robot_control.egg-info/entry_points.txt\n'}
[69.668406] (robot_control) StdoutLine: {'line': b'writing requirements to robot_control.egg-info/requires.txt\n'}
[69.668980] (robot_control) StdoutLine: {'line': b'writing top-level names to robot_control.egg-info/top_level.txt\n'}
[69.669578] (robot_control) StdoutLine: {'line': b"writing manifest file 'robot_control.egg-info/SOURCES.txt'\n"}
[69.749555] (-) TimerEvent: {}
[69.850106] (-) TimerEvent: {}
[69.858862] (robot_control) StdoutLine: {'line': b"reading manifest file 'robot_control.egg-info/SOURCES.txt'\n"}
[69.862074] (robot_control) StdoutLine: {'line': b"writing manifest file 'robot_control.egg-info/SOURCES.txt'\n"}
[69.950327] (-) TimerEvent: {}
[69.955581] (robot_control) StdoutLine: {'line': b'running build_ext\n'}
[69.957769] (robot_control) StdoutLine: {'line': b'Creating /home/mandy/Delivery-Bot/install/robot_control/lib/python3.12/site-packages/robot-control.egg-link (link to .)\n'}
[69.961956] (robot_control) StdoutLine: {'line': b'Installing odom_publisher script to /home/mandy/Delivery-Bot/install/robot_control/lib/robot_control\n'}
[69.963056] (robot_control) StdoutLine: {'line': b'Installing serial_comm script to /home/mandy/Delivery-Bot/install/robot_control/lib/robot_control\n'}
[69.964368] (robot_control) StdoutLine: {'line': b'\n'}
[69.964947] (robot_control) StdoutLine: {'line': b'Installed /home/mandy/Delivery-Bot/build/robot_control\n'}
[69.965500] (robot_control) StdoutLine: {'line': b'running symlink_data\n'}
[69.966097] (robot_control) StdoutLine: {'line': b'creating /home/mandy/Delivery-Bot/install/robot_control/share/ament_index\n'}
[69.966689] (robot_control) StdoutLine: {'line': b'creating /home/mandy/Delivery-Bot/install/robot_control/share/ament_index/resource_index\n'}
[69.967043] (robot_control) StdoutLine: {'line': b'creating /home/mandy/Delivery-Bot/install/robot_control/share/ament_index/resource_index/packages\n'}
[69.967471] (robot_control) StdoutLine: {'line': b'symbolically linking /home/mandy/Delivery-Bot/build/robot_control/resource/robot_control -> /home/mandy/Delivery-Bot/install/robot_control/share/ament_index/resource_index/packages\n'}
[69.968019] (robot_control) StdoutLine: {'line': b'symbolically linking /home/mandy/Delivery-Bot/build/robot_control/package.xml -> /home/mandy/Delivery-Bot/install/robot_control/share/robot_control\n'}
[69.968772] (robot_control) StdoutLine: {'line': b'creating /home/mandy/Delivery-Bot/install/robot_control/share/robot_control/launch\n'}
[69.969764] (robot_control) StdoutLine: {'line': b'symbolically linking /home/mandy/Delivery-Bot/build/robot_control/launch/control.launch.py -> /home/mandy/Delivery-Bot/install/robot_control/share/robot_control/launch\n'}
[70.050617] (-) TimerEvent: {}
[70.132033] (robot_control) CommandEnded: {'returncode': 0}
[70.151184] (-) TimerEvent: {}
[70.164294] (robot_control) JobEnded: {'identifier': 'robot_control', 'rc': 0}
[70.171054] (robot_bringup) JobStarted: {'identifier': 'robot_bringup'}
[70.251423] (-) TimerEvent: {}
[70.352091] (-) TimerEvent: {}
[70.452673] (-) TimerEvent: {}
[70.553211] (-) TimerEvent: {}
[70.653829] (-) TimerEvent: {}
[70.754398] (-) TimerEvent: {}
[70.854961] (-) TimerEvent: {}
[70.955594] (-) TimerEvent: {}
[71.056220] (-) TimerEvent: {}
[71.156813] (-) TimerEvent: {}
[71.257441] (-) TimerEvent: {}
[71.358346] (-) TimerEvent: {}
[71.459084] (-) TimerEvent: {}
[71.559790] (-) TimerEvent: {}
[71.660390] (-) TimerEvent: {}
[71.760980] (-) TimerEvent: {}
[71.861583] (-) TimerEvent: {}
[71.962188] (-) TimerEvent: {}
[72.062765] (-) TimerEvent: {}
[72.163339] (-) TimerEvent: {}
[72.263876] (-) TimerEvent: {}
[72.364509] (-) TimerEvent: {}
[72.465292] (-) TimerEvent: {}
[72.565867] (-) TimerEvent: {}
[72.666448] (-) TimerEvent: {}
[72.767118] (-) TimerEvent: {}
[72.867803] (-) TimerEvent: {}
[72.968426] (-) TimerEvent: {}
[73.069029] (-) TimerEvent: {}
[73.169722] (-) TimerEvent: {}
[73.270379] (-) TimerEvent: {}
[73.370907] (-) TimerEvent: {}
[73.471540] (-) TimerEvent: {}
[73.572173] (-) TimerEvent: {}
[73.672799] (-) TimerEvent: {}
[73.773362] (-) TimerEvent: {}
[73.873905] (-) TimerEvent: {}
[73.974505] (-) TimerEvent: {}
[74.075103] (-) TimerEvent: {}
[74.175704] (-) TimerEvent: {}
[74.276406] (-) TimerEvent: {}
[74.377425] (-) TimerEvent: {}
[74.478242] (-) TimerEvent: {}
[74.578879] (-) TimerEvent: {}
[74.679706] (-) TimerEvent: {}
[74.780540] (-) TimerEvent: {}
[74.881152] (-) TimerEvent: {}
[74.981728] (-) TimerEvent: {}
[75.082301] (-) TimerEvent: {}
[75.182847] (-) TimerEvent: {}
[75.283422] (-) TimerEvent: {}
[75.384013] (-) TimerEvent: {}
[75.484623] (-) TimerEvent: {}
[75.585161] (-) TimerEvent: {}
[75.685775] (-) TimerEvent: {}
[75.786347] (-) TimerEvent: {}
[75.886881] (-) TimerEvent: {}
[75.987481] (-) TimerEvent: {}
[76.088213] (-) TimerEvent: {}
[76.148602] (robot_bringup) Command: {'cmd': ['/usr/bin/python3', '-W', 'ignore:setup.py install is deprecated', '-W', 'ignore:easy_install command is deprecated', 'setup.py', 'develop', '--editable', '--build-directory', '/home/mandy/Delivery-Bot/build/robot_bringup/build', '--no-deps', 'symlink_data'], 'cwd': '/home/mandy/Delivery-Bot/build/robot_bringup', 'env': {'LESSOPEN': '| /usr/bin/lesspipe %s', 'USER': 'mandy', 'GZ_CONFIG_PATH': '/opt/ros/jazzy/opt/gz_sim_vendor/share/gz:/opt/ros/jazzy/opt/sdformat_vendor/share/gz:/opt/ros/jazzy/opt/gz_gui_vendor/share/gz:/opt/ros/jazzy/opt/gz_transport_vendor/share/gz:/opt/ros/jazzy/opt/gz_rendering_vendor/share/gz:/opt/ros/jazzy/opt/gz_plugin_vendor/share/gz:/opt/ros/jazzy/opt/gz_fuel_tools_vendor/share/gz:/opt/ros/jazzy/opt/gz_msgs_vendor/share/gz:/opt/ros/jazzy/opt/gz_common_vendor/share/gz', 'XDG_SESSION_TYPE': 'wayland', 'CLUTTER_DISABLE_MIPMAPPED_TEXT': '1', 'SHLVL': '1', 'LD_LIBRARY_PATH': '/home/mandy/Delivery-Bot/install/robot_interfaces/lib:/opt/ros/jazzy/opt/gz_sim_vendor/lib:/opt/ros/jazzy/opt/gz_sensors_vendor/lib:/opt/ros/jazzy/opt/gz_physics_vendor/lib:/opt/ros/jazzy/opt/sdformat_vendor/lib:/opt/ros/jazzy/opt/rviz_ogre_vendor/lib:/opt/ros/jazzy/lib/aarch64-linux-gnu:/opt/ros/jazzy/opt/gz_gui_vendor/lib:/opt/ros/jazzy/opt/gz_transport_vendor/lib:/opt/ros/jazzy/opt/gz_rendering_vendor/lib:/opt/ros/jazzy/opt/gz_plugin_vendor/lib:/opt/ros/jazzy/opt/gz_fuel_tools_vendor/lib:/opt/ros/jazzy/opt/gz_msgs_vendor/lib:/opt/ros/jazzy/opt/gz_common_vendor/lib:/opt/ros/jazzy/opt/gz_math_vendor/lib:/opt/ros/jazzy/opt/gz_utils_vendor/lib:/opt/ros/jazzy/opt/gz_tools_vendor/lib:/opt/ros/jazzy/opt/gz_ogre_next_vendor/lib:/opt/ros/jazzy/opt/gz_dartsim_vendor/lib:/opt/ros/jazzy/opt/gz_cmake_vendor/lib:/opt/ros/jazzy/lib', 'HOME': '/home/mandy', 'OLDPWD': '/home/mandy', 'DESKTOP_SESSION': 'ubuntu', 'ROS_PYTHON_VERSION': '3', 'GNOME_SHELL_SESSION_MODE': 'ubuntu', 'GTK_MODULES': 'gail:atk-bridge', 'SYSTEMD_EXEC_PID': '2289', 'GSM_SKIP_SSH_AGENT_WORKAROUND': 'true', 'DBUS_SESSION_BUS_ADDRESS': 'unix:path=/run/user/1000/bus', 'COLORTERM': 'truecolor', 'DEBUGINFOD_URLS': 'https://debuginfod.ubuntu.com', 'IM_CONFIG_PHASE': '1', 'WAYLAND_DISPLAY': 'wayland-0', 'COLCON_PREFIX_PATH': '/home/mandy/Delivery-Bot/install', 'ROS_DISTRO': 'jazzy', 'LOGNAME': 'mandy', '_': '/usr/bin/colcon', 'ROS_VERSION': '2', 'MEMORY_PRESSURE_WATCH': '/sys/fs/cgroup/user.slice/user-1000.slice/user@1000.service/session.slice/org.gnome.Shell@wayland.service/memory.pressure', 'XDG_SESSION_CLASS': 'user', 'USERNAME': 'mandy', 'TERM': 'xterm-256color', 'GNOME_DESKTOP_SESSION_ID': 'this-is-deprecated', 'PATH': '/opt/ros/jazzy/opt/gz_msgs_vendor/bin:/opt/ros/jazzy/opt/gz_tools_vendor/bin:/opt/ros/jazzy/opt/gz_ogre_next_vendor/bin:/opt/ros/jazzy/bin:/usr/local/sbin:/usr/local/bin:/usr/sbin:/usr/bin:/sbin:/bin:/usr/games:/usr/local/games:/snap/bin:/snap/bin', 'SESSION_MANAGER': 'local/mandy-desktop:@/tmp/.ICE-unix/2260,unix/mandy-desktop:/tmp/.ICE-unix/2260', 'XDG_MENU_PREFIX': 'gnome-', 'GNOME_TERMINAL_SCREEN': '/org/gnome/Terminal/screen/64b34eac_2ff3_4b2e_aef2_cdd13df9d21d', 'GNOME_SETUP_DISPLAY': ':1', 'XDG_RUNTIME_DIR': '/run/user/1000', 'DISPLAY': ':0', 'LANG': 'en_US.UTF-8', 'XDG_CURRENT_DESKTOP': 'ubuntu:GNOME', 'XMODIFIERS': '@im=ibus', 'XDG_SESSION_DESKTOP': 'ubuntu', 'XAUTHORITY': '/run/user/1000/.mutter-Xwaylandauth.XUOVS3', 'LS_COLORS': 'rs=0:di=01;34:ln=01;36:mh=00:pi=40;33:so=01;35:do=01;35:bd=40;33;01:cd=40;33;01:or=40;31;01:mi=00:su=37;41:sg=30;43:ca=00:tw=30;42:ow=34;42:st=37;44:ex=01;32:*.tar=01;31:*.tgz=01;31:*.arc=01;31:*.arj=01;31:*.taz=01;31:*.lha=01;31:*.lz4=01;31:*.lzh=01;31:*.lzma=01;31:*.tlz=01;31:*.txz=01;31:*.tzo=01;31:*.t7z=01;31:*.zip=01;31:*.z=01;31:*.dz=01;31:*.gz=01;31:*.lrz=01;31:*.lz=01;31:*.lzo=01;31:*.xz=01;31:*.zst=01;31:*.tzst=01;31:*.bz2=01;31:*.bz=01;31:*.tbz=01;31:*.tbz2=01;31:*.tz=01;31:*.deb=01;31:*.rpm=01;31:*.jar=01;31:*.war=01;31:*.ear=01;31:*.sar=01;31:*.rar=01;31:*.alz=01;31:*.ace=01;31:*.zoo=01;31:*.cpio=01;31:*.7z=01;31:*.rz=01;31:*.cab=01;31:*.wim=01;31:*.swm=01;31:*.dwm=01;31:*.esd=01;31:*.avif=01;35:*.jpg=01;35:*.jpeg=01;35:*.mjpg=01;35:*.mjpeg=01;35:*.gif=01;35:*.bmp=01;35:*.pbm=01;35:*.pgm=01;35:*.ppm=01;35:*.tga=01;35:*.xbm=01;35:*.xpm=01;35:*.tif=01;35:*.tiff=01;35:*.png=01;35:*.svg=01;35:*.svgz=01;35:*.mng=01;35:*.pcx=01;35:*.mov=01;35:*.mpg=01;35:*.mpeg=01;35:*.m2v=01;35:*.mkv=01;35:*.webm=01;35:*.webp=01;35:*.ogm=01;35:*.mp4=01;35:*.m4v=01;35:*.mp4v=01;35:*.vob=01;35:*.qt=01;35:*.nuv=01;35:*.wmv=01;35:*.asf=01;35:*.rm=01;35:*.rmvb=01;35:*.flc=01;35:*.avi=01;35:*.fli=01;35:*.flv=01;35:*.gl=01;35:*.dl=01;35:*.xcf=01;35:*.xwd=01;35:*.yuv=01;35:*.cgm=01;35:*.emf=01;35:*.ogv=01;35:*.ogx=01;35:*.aac=00;36:*.au=00;36:*.flac=00;36:*.m4a=00;36:*.mid=00;36:*.midi=00;36:*.mka=00;36:*.mp3=00;36:*.mpc=00;36:*.ogg=00;36:*.ra=00;36:*.wav=00;36:*.oga=00;36:*.opus=00;36:*.spx=00;36:*.xspf=00;36:*~=00;90:*#=00;90:*.bak=00;90:*.crdownload=00;90:*.dpkg-dist=00;90:*.dpkg-new=00;90:*.dpkg-old=00;90:*.dpkg-tmp=00;90:*.old=00;90:*.orig=00;90:*.part=00;90:*.rej=00;90:*.rpmnew=00;90:*.rpmorig=00;90:*.rpmsave=00;90:*.swp=00;90:*.tmp=00;90:*.ucf-dist=00;90:*.ucf-new=00;90:*.ucf-old=00;90:', 'GNOME_TERMINAL_SERVICE': ':1.102', 'SSH_AUTH_SOCK': '/run/user/1000/keyring/ssh', 'AMENT_PREFIX_PATH': '/home/mandy/Delivery-Bot/install/robot_control:/home/mandy/Delivery-Bot/install/robot_vision:/home/mandy/Delivery-Bot/install/robot_navigation:/home/mandy/Delivery-Bot/install/robot_description:/home/mandy/Delivery-Bot/install/robot_bringup:/home/mandy/Delivery-Bot/install/robot_interfaces:/opt/ros/jazzy', 'SHELL': '/bin/bash', 'QT_ACCESSIBILITY': '1', 'GDMSESSION': 'ubuntu', 'LESSCLOSE': '/usr/bin/lesspipe %s %s', 'ROS_AUTOMATIC_DISCOVERY_RANGE': 'SUBNET', 'QT_IM_MODULE': 'ibus', 'PWD': '/home/mandy/Delivery-Bot/build/robot_bringup', 'LC_ALL': 'en_US.UTF-8', 'XDG_CONFIG_DIRS': '/etc/xdg/xdg-ubuntu:/etc/xdg', 'XDG_DATA_DIRS': '/usr/share/ubuntu:/usr/share/gnome:/usr/local/share/:/usr/share/:/var/lib/snapd/desktop', 'PYTHONPATH': '/home/mandy/Delivery-Bot/build/robot_bringup/prefix_override:/usr/lib/python3/dist-packages/colcon_core/task/python/colcon_distutils_commands:/home/mandy/Delivery-Bot/install/robot_bringup/lib/python3.12/site-packages:/home/mandy/Delivery-Bot/build/robot_control:/home/mandy/Delivery-Bot/install/robot_control/lib/python3.12/site-packages:/home/mandy/Delivery-Bot/build/robot_vision:/home/mandy/Delivery-Bot/install/robot_vision/lib/python3.12/site-packages:/home/mandy/Delivery-Bot/build/robot_navigation:/home/mandy/Delivery-Bot/install/robot_navigation/lib/python3.12/site-packages:/home/mandy/Delivery-Bot/install/robot_interfaces/lib/python3.12/site-packages:/home/mandy/Delivery-Bot/build/robot_description:/home/mandy/Delivery-Bot/install/robot_description/lib/python3.12/site-packages:/home/mandy/Delivery-Bot/build/robot_bringup:/home/mandy/Delivery-Bot/install/robot_bringup/lib/python3.12/site-packages:/opt/ros/jazzy/lib/python3.12/site-packages', 'COLCON': '1', 'MEMORY_PRESSURE_WRITE': 'c29tZSAyMDAwMDAgMjAwMDAwMAA=', 'VTE_VERSION': '7600', 'CMAKE_PREFIX_PATH': '/home/mandy/Delivery-Bot/install/robot_interfaces:/opt/ros/jazzy/opt/gz_sim_vendor:/opt/ros/jazzy/opt/gz_sensors_vendor:/opt/ros/jazzy/opt/gz_physics_vendor:/opt/ros/jazzy/opt/sdformat_vendor:/opt/ros/jazzy/opt/gz_gui_vendor:/opt/ros/jazzy/opt/gz_transport_vendor:/opt/ros/jazzy/opt/gz_rendering_vendor:/opt/ros/jazzy/opt/gz_plugin_vendor:/opt/ros/jazzy/opt/gz_fuel_tools_vendor:/opt/ros/jazzy/opt/gz_msgs_vendor:/opt/ros/jazzy/opt/gz_common_vendor:/opt/ros/jazzy/opt/gz_math_vendor:/opt/ros/jazzy/opt/gz_utils_vendor:/opt/ros/jazzy/opt/gz_tools_vendor:/opt/ros/jazzy/opt/gz_ogre_next_vendor:/opt/ros/jazzy/opt/gz_dartsim_vendor:/opt/ros/jazzy/opt/gz_cmake_vendor'}, 'shell': False}
[76.188387] (-) TimerEvent: {}
[76.288959] (-) TimerEvent: {}
[76.389658] (-) TimerEvent: {}
[76.490221] (-) TimerEvent: {}
[76.590814] (-) TimerEvent: {}
[76.691375] (-) TimerEvent: {}
[76.791928] (-) TimerEvent: {}
[76.892552] (-) TimerEvent: {}
[76.993094] (-) TimerEvent: {}
[77.093699] (-) TimerEvent: {}
[77.194325] (-) TimerEvent: {}
[77.294982] (-) TimerEvent: {}
[77.395566] (-) TimerEvent: {}
[77.496095] (-) TimerEvent: {}
[77.596709] (-) TimerEvent: {}
[77.697378] (-) TimerEvent: {}
[77.798017] (-) TimerEvent: {}
[77.867484] (robot_bringup) StdoutLine: {'line': b'running develop\n'}
[77.898202] (-) TimerEvent: {}
[78.001836] (-) TimerEvent: {}
[78.102762] (-) TimerEvent: {}
[78.203365] (-) TimerEvent: {}
[78.303909] (-) TimerEvent: {}
[78.404498] (-) TimerEvent: {}
[78.505045] (-) TimerEvent: {}
[78.605635] (-) TimerEvent: {}
[78.706306] (-) TimerEvent: {}
[78.806837] (-) TimerEvent: {}
[78.907445] (-) TimerEvent: {}
[79.007987] (-) TimerEvent: {}
[79.083675] (robot_bringup) StdoutLine: {'line': b'running egg_info\n'}
[79.084487] (robot_bringup) StdoutLine: {'line': b'creating robot_bringup.egg-info\n'}
[79.108125] (-) TimerEvent: {}
[79.177077] (robot_bringup) StdoutLine: {'line': b'writing robot_bringup.egg-info/PKG-INFO\n'}
[79.178393] (robot_bringup) StdoutLine: {'line': b'writing dependency_links to robot_bringup.egg-info/dependency_links.txt\n'}
[79.179361] (robot_bringup) StdoutLine: {'line': b'writing requirements to robot_bringup.egg-info/requires.txt\n'}
[79.179972] (robot_bringup) StdoutLine: {'line': b'writing top-level names to robot_bringup.egg-info/top_level.txt\n'}
[79.180555] (robot_bringup) StdoutLine: {'line': b"writing manifest file 'robot_bringup.egg-info/SOURCES.txt'\n"}
[79.208332] (-) TimerEvent: {}
[79.308883] (-) TimerEvent: {}
[79.374364] (robot_bringup) StdoutLine: {'line': b"reading manifest file 'robot_bringup.egg-info/SOURCES.txt'\n"}
[79.376710] (robot_bringup) StdoutLine: {'line': b"writing manifest file 'robot_bringup.egg-info/SOURCES.txt'\n"}
[79.409046] (-) TimerEvent: {}
[79.478311] (robot_bringup) StdoutLine: {'line': b'running build_ext\n'}
[79.479005] (robot_bringup) StdoutLine: {'line': b'Creating /home/mandy/Delivery-Bot/install/robot_bringup/lib/python3.12/site-packages/robot-bringup.egg-link (link to .)\n'}
[79.481122] (robot_bringup) StdoutLine: {'line': b'\n'}
[79.481669] (robot_bringup) StdoutLine: {'line': b'Installed /home/mandy/Delivery-Bot/build/robot_bringup\n'}
[79.482320] (robot_bringup) StdoutLine: {'line': b'running symlink_data\n'}
[79.482916] (robot_bringup) StdoutLine: {'line': b'creating /home/mandy/Delivery-Bot/install/robot_bringup/share/ament_index\n'}
[79.483395] (robot_bringup) StdoutLine: {'line': b'creating /home/mandy/Delivery-Bot/install/robot_bringup/share/ament_index/resource_index\n'}
[79.483909] (robot_bringup) StdoutLine: {'line': b'creating /home/mandy/Delivery-Bot/install/robot_bringup/share/ament_index/resource_index/packages\n'}
[79.484312] (robot_bringup) StdoutLine: {'line': b'symbolically linking /home/mandy/Delivery-Bot/build/robot_bringup/resource/robot_bringup -> /home/mandy/Delivery-Bot/install/robot_bringup/share/ament_index/resource_index/packages\n'}
[79.484888] (robot_bringup) StdoutLine: {'line': b'symbolically linking /home/mandy/Delivery-Bot/build/robot_bringup/package.xml -> /home/mandy/Delivery-Bot/install/robot_bringup/share/robot_bringup\n'}
[79.485276] (robot_bringup) StdoutLine: {'line': b'creating /home/mandy/Delivery-Bot/install/robot_bringup/share/robot_bringup/launch\n'}
[79.486215] (robot_bringup) StdoutLine: {'line': b'symbolically linking /home/mandy/Delivery-Bot/build/robot_bringup/launch/bringup.launch.py -> /home/mandy/Delivery-Bot/install/robot_bringup/share/robot_bringup/launch\n'}
[79.509360] (-) TimerEvent: {}
[79.610184] (-) TimerEvent: {}
[79.652771] (robot_bringup) CommandEnded: {'returncode': 0}
[79.681087] (robot_bringup) JobEnded: {'identifier': 'robot_bringup', 'rc': 0}
[79.684659] (-) EventReactorShutdown: {}
